Channel,Red,Green,Blue
b,57,110,139
b,48,123,158
b,55,130,165
b,39,133,178
b,40,134,179
b,41,140,185
b,35,134,179
b,40,132,175
b,22,114,157
b,61,119,147
b,43,136,172
b,41,134,170
b,23,136,183
b,20,133,180
b,9,135,192
b,12,138,195
b,13,139,198
b,21,147,206
b,30,154,213
b,28,152,211
b,45,151,203
b,36,142,194
b,3,137,195
b,12,146,204
b,14,166,232
b,9,161,227
b,9,169,234
b,9,169,234
b,6,161,228
b,7,162,229
b,4,135,194
b,67,120,149
b,28,125,164
b,25,122,161
b,6,130,176
b,8,132,178
b,3,134,191
b,6,137,194
b,3,137,202
b,6,140,205
b,5,141,210
b,8,144,213
b,10,149,224
b,10,149,224
b,13,149,225
b,15,151,227
b,39,153,218
b,39,153,218
b,16,157,224
b,23,164,231
b,11,177,245
b,19,185,253
b,12,190,252
b,11,189,251
b,11,195,252
b,10,194,251
b,10,194,249
b,8,192,247
b,6,178,239
b,2,174,235
b,8,157,219
b,55,102,129
b,26,117,156
b,26,117,156
b,4,125,172
b,5,126,173
b,1,139,205
b,5,143,209
b,3,145,219
b,7,149,223
b,6,149,231
b,8,151,233
b,15,156,237
b,21,162,243
b,49,149,210
b,24,124,185
b,2,142,212
b,22,162,232
b,12,177,252
b,13,178,253
b,4,184,249
b,6,193,254
b,6,193,254
b,7,197,250
b,5,195,248
b,11,189,251
b,8,186,248
b,25,161,218
b,46,119,153
b,42,115,149
b,6,123,167
b,6,123,167
b,1,140,201
b,3,143,213
b,6,146,216
b,5,148,228
b,10,153,233
b,9,158,241
b,10,159,242
b,33,157,228
b,55,179,250
b,46,122,166
b,14,131,188
b,30,147,204
b,5,162,244
b,7,164,246
b,3,172,248
b,9,178,254
b,4,183,253
b,5,184,254
b,3,195,252
b,1,193,250
b,1,190,250
b,10,178,243
b,28,143,199
b,55,101,123
b,14,117,156
b,17,120,159
b,3,147,224
b,7,153,237
b,12,158,242
b,23,152,221
b,54,183,252
b,83,179,225
b,23,119,165
b,31,119,159
b,8,144,222
b,27,163,241
b,4,164,252
b,2,171,254
b,2,186,254
b,3,192,254
b,1,193,252
b,5,188,252
b,12,161,228
b,11,160,227
b,39,108,139
b,41,110,141
b,9,156,237
b,33,162,229
b,71,175,228
b,44,103,139
b,16,127,184
b,23,134,191
b,5,149,240
b,11,155,246
b,4,160,253
b,3,159,252
b,2,175,254
b,1,189,254
b,3,187,253
b,4,174,247
b,33,145,197
b,24,113,150
b,24,113,150
b,2,145,225
b,6,149,229
b,26,155,224
b,83,197,248
b,66,145,188
b,44,116,143
b,7,131,204
b,21,145,218
b,5,145,247
b,7,147,249
b,13,154,221
b,17,158,225
b,58,100,126
b,9,112,154
b,13,116,158
b,23,155,223
b,75,166,207
b,36,127,168
b,24,119,157
b,2,132,214
b,1,140,247
b,5,144,251
b,3,161,236
b,3,161,236
b,42,105,135
b,3,122,163
b,13,146,218
b,71,174,213
b,36,139,178
b,12,122,170
b,14,124,172
b,1,130,215
b,4,133,218
b,2,139,245
b,6,143,249
b,27,141,202
b,29,107,139
b,31,109,141
b,6,139,213
b,73,186,231
b,31,144,189
b,57,121,153
b,46,101,118
b,3,118,176
b,9,124,182
b,2,130,220
b,4,139,241
b,1,147,252
b,13,142,213
b,14,106,140
b,19,111,145
b,24,157,229
b,61,185,242
b,15,139,196
b,50,128,162
b,39,99,126
b,8,122,187
b,10,124,189
b,4,133,229
b,5,144,249
b,6,145,250
b,16,148,225
b,4,136,213
b,58,92,114
b,17,109,148
b,17,109,148
b,27,162,236
b,31,165,232
b,1,135,202
b,43,132,169
b,27,116,153
b,25,100,135
b,3,125,183
b,3,125,183
b,2,140,239
b,2,152,251
b,14,148,227
b,54,93,113
b,15,107,148
b,12,104,145
b,22,159,230
b,13,149,216
b,1,137,204
b,33,130,171
b,19,116,157
b,19,104,149
b,20,105,150
b,1,120,181
b,3,122,183
b,3,137,227
b,4,147,246
b,4,147,246
b,13,148,233
b,5,140,225
b,57,130,168
b,52,95,118
b,13,105,148
b,7,99,142
b,1,138,198
b,30,129,174
b,10,109,154
b,11,101,152
b,17,107,158
b,1,133,210
b,2,134,211
b,1,139,238
b,1,147,254
b,8,145,234
b,3,140,229
b,49,130,170
b,50,97,122
b,10,105,147
b,4,99,141
b,2,119,161
b,47,130,176
b,25,108,154
b,15,105,156
b,15,105,156
b,4,130,202
b,5,131,203
b,1,134,229
b,1,138,244
b,3,148,236
b,45,133,175
b,46,95,119
b,11,106,148
b,6,101,143
b,4,118,158
b,16,122,174
b,20,126,178
b,81,147,187
b,37,103,143
b,12,108,154
b,15,111,157
b,4,127,193
b,3,142,221
b,1,140,219
b,35,113,149
b,46,95,119
b,9,106,147
b,5,102,143
b,3,117,157
b,30,143,188
b,87,170,216
b,86,169,215
b,115,170,205
b,68,123,158
b,15,110,152
b,19,114,156
b,2,116,177
b,6,125,188
b,1,130,215
b,1,132,242
b,1,135,246
b,2,139,247
b,1,140,245
b,25,146,211
b,27,148,213
b,57,124,155
b,45,94,118
b,11,106,148
b,13,108,150
b,1,112,153
b,31,126,168
b,78,173,215
b,107,173,211
b,107,173,211
b,116,168,195
b,91,143,170
b,15,112,153
b,18,115,156
b,4,118,179
b,9,125,185
b,7,147,233
b,125,189,212
b,45,92,117
b,14,106,147
b,15,107,148
b,15,107,150
b,81,156,193
b,83,158,195
b,96,152,184
b,90,146,178
b,106,153,178
b,103,150,175
b,13,105,146
b,17,109,150
b,1,115,176
b,4,118,179
b,1,124,213
b,3,135,238
b,88,178,231
b,120,184,207
b,47,90,113
b,12,104,143
b,15,107,146
b,5,85,125
b,57,137,177
b,88,147,181
b,87,146,180
b,84,137,166
b,103,156,185
b,112,162,183
b,106,156,177
b,14,107,143
b,1,118,175
b,2,131,227
b,15,151,247
b,78,172,230
b,82,176,234
b,107,175,213
b,17,106,141
b,20,109,144
b,35,105,142
b,65,135,172
b,75,131,161
b,76,132,162
b,83,137,163
b,121,175,201
b,121,174,194
b,23,109,147
b,3,120,177
b,6,123,180
b,3,123,195
b,29,162,248
b,90,194,249
b,16,98,129
b,23,105,136
b,1,119,156
b,2,76,116
b,59,124,153
b,67,132,161
b,61,115,141
b,62,116,142
b,77,129,154
b,116,168,193
b,124,178,200
b,20,101,139
b,2,117,173
b,4,119,175
b,2,123,190
b,3,137,206
b,34,168,237
b,44,173,226
b,53,182,235
b,22,92,118
b,4,111,147
b,4,111,147
b,14,82,120
b,65,125,152
b,70,130,157
b,56,105,129
b,53,102,126
b,75,124,148
b,112,161,185
b,11,90,119
b,2,114,164
b,5,117,167
b,1,122,189
b,6,135,188
b,30,159,212
b,26,150,196
b,50,174,220
b,80,188,230
b,93,201,243
b,25,84,105
b,3,99,134
b,22,89,122
b,63,120,143
b,60,117,140
b,43,89,111
b,50,96,118
b,63,109,131
b,101,147,169
b,2,104,153
b,7,109,158
b,1,117,181
b,4,121,194
b,26,151,194
b,38,163,206
b,25,142,176
b,30,147,181
b,61,164,201
b,7,88,119
b,9,90,121
b,14,79,106
b,53,110,131
b,48,105,126
b,40,86,106
b,43,89,109
b,64,107,128
b,3,95,136
b,7,114,177
b,34,148,188
b,44,158,198
b,27,128,161
b,13,114,147
b,21,82,106
b,20,81,105
b,1,87,123
b,7,70,96
b,48,100,123
b,47,99,122
b,40,83,104
b,48,91,112
b,64,106,125
b,10,88,122
b,2,102,161
b,40,143,185
b,40,143,185
b,17,107,139
b,13,103,135
b,28,75,92
b,5,79,110
b,5,79,110
b,1,62,86
b,38,85,110
b,46,93,118
b,57,96,116
b,58,97,117
b,4,95,141
b,17,102,147
b,43,128,173
b,38,112,143
b,17,74,97
b,15,72,95
b,2,59,84
b,24,66,85
b,50,92,111
b,59,91,109
b,11,87,117
b,8,77,119
b,40,109,151
b,36,74,88
b,10,71,95
b,8,69,93
b,1,72,102
b,5,48,71
b,16,59,82
b,37,67,86
b,53,83,102
b,4,84,129
b,5,85,130
b,23,79,109
b,24,66,83
b,9,68,91
b,7,66,89
b,2,67,92
b,1,53,78
b,1,53,78
b,16,54,79
b,23,61,86
b,45,72,92
b,53,80,100
b,4,86,135
b,4,86,135
b,2,76,116
b,20,77,102
b,29,68,84
b,12,60,80
b,10,58,78
b,7,57,76
b,9,59,78
b,8,56,76
b,10,58,78
b,13,55,74
b,7,49,68
b,24,56,78
b,30,62,84
b,48,69,86
b,64,85,102
b,1,81,121
b,2,82,122
b,1,82,122
b,1,86,131
b,7,72,115
b,27,76,104
b,45,77,88
b,34,67,80
b,30,63,76
b,35,68,81
b,38,71,84
b,43,67,79
b,56,80,92
b,72,87,100
b,77,92,105
b,8,76,100
b,14,82,106
b,6,75,108
b,6,75,108
b,10,78,116
b,5,73,111
b,17,73,113
b,16,72,112
b,48,88,117
b,5,135,213
b,9,147,231
b,9,147,231
b,7,153,234
b,7,153,234
b,7,152,236
b,5,150,234
b,6,149,231
b,7,121,161
b,15,152,225
b,19,156,229
b,4,153,240
b,8,157,244
b,11,168,252
b,9,166,250
b,6,164,248
b,6,164,248
b,4,162,246
b,4,162,246
b,5,161,248
b,6,162,249
b,4,150,234
b,18,112,141
b,12,150,214
b,11,160,245
b,5,154,239
b,2,162,248
b,2,165,250
b,5,168,253
b,4,169,253
b,3,168,252
b,2,165,250
b,16,163,242
b,13,134,183
b,20,141,190
b,4,150,236
b,5,158,248
b,6,159,249
b,2,165,252
b,1,166,252
b,2,170,253
b,5,162,249
b,2,159,246
b,10,151,216
b,2,103,136
b,30,131,164
b,15,149,226
b,12,146,223
b,2,149,249
b,2,157,252
b,4,159,254
b,4,167,254
b,1,169,254
b,1,170,253
b,2,171,254
b,3,122,163
b,29,102,120
b,13,134,183
b,1,140,233
b,3,142,235
b,1,147,250
b,1,157,254
b,1,170,253
b,1,169,254
b,16,115,144
b,2,137,197
b,1,150,252
b,1,153,247
b,12,149,222
b,13,127,165
b,2,137,211
b,1,152,243
b,5,142,215
b,7,121,161
b,20,95,117
b,2,126,172
b,5,129,175
b,4,138,226
b,1,126,169
b,16,106,134
b,5,131,190
b,5,136,232
b,2,141,248
b,1,147,254
b,2,147,238
b,3,123,177
b,3,104,137
b,16,117,150
b,1,140,247
b,1,160,254
b,1,117,179
b,33,115,148
b,3,107,146
b,12,116,155
b,3,146,254
b,2,143,235
b,2,114,175
b,1,113,174
b,21,106,140
b,3,109,152
b,7,113,156
b,8,131,207
b,2,134,227
b,1,133,226
b,1,139,242
b,1,147,252
b,2,143,237
b,17,103,141
b,39,95,109
b,2,109,156
b,8,115,162
b,4,126,197
b,2,131,218
b,3,132,219
b,1,143,249
b,3,145,251
b,1,147,254
b,1,139,238
b,11,106,148
b,18,113,155
b,47,105,123
b,2,111,162
b,6,115,166
b,2,126,208
b,1,140,247
b,2,145,253
b,1,120,197
b,1,120,197
b,10,111,158
b,13,114,161
b,33,92,113
b,4,111,160
b,8,115,164
b,1,132,230
b,1,132,230
b,1,137,252
b,1,139,251
b,1,140,247
b,1,143,251
b,1,143,251
b,11,134,221
b,7,130,217
b,16,118,167
b,31,92,112
b,3,108,156
b,5,110,158
b,1,129,223
b,1,131,237
b,1,131,237
b,1,131,246
b,3,133,248
b,1,132,240
b,16,147,233
b,8,139,225
b,14,116,165
b,4,106,155
b,26,92,112
b,2,109,154
b,1,123,215
b,2,129,238
b,1,128,237
b,1,132,240
b,1,132,242
b,3,139,235
b,11,147,243
b,18,149,224
b,7,106,151
b,12,111,156
b,29,99,123
b,2,108,151
b,1,107,150
b,1,120,197
b,2,127,222
b,2,130,234
b,1,129,235
b,1,133,226
b,4,136,229
b,12,136,209
b,7,98,144
b,17,108,154
b,27,93,115
b,3,105,147
b,4,106,148
b,2,123,224
b,8,128,202
b,10,98,140
b,23,111,153
b,1,98,135
b,3,100,137
b,2,122,207
b,16,127,195
b,16,97,132
b,1,94,125
b,6,99,130
b,7,113,167
b,28,91,117
b,10,95,127
b,11,96,128
b,1,96,138
b,45,98,118
b,16,91,117
b,1,82,113
b,15,96,127
b,19,85,107
b,1,98,137
b,1,98,137
b,3,103,166
b,7,72,97
b,24,89,114
b,4,96,132
b,1,93,129
b,4,84,122
b,23,76,94
b,2,88,115
b,2,90,153
b,4,71,104
b,7,74,107
b,15,86,105
b,1,92,133
b,5,85,146
b,17,66,94
b,25,74,102
b,4,78,109
b,4,78,109
b,7,77,130
b,9,45,69
b,9,81,122
b,3,74,124
b,7,62,111
b,7,64,101
b,9,82,120
b,1,75,115
b,3,78,115
b,4,58,100
b,10,65,100
b,10,72,105
b,3,65,98
b,1,69,97
b,1,69,97
b,4,67,104
b,5,66,108
b,1,47,90
b,6,56,75
b,8,58,77
b,2,55,73
b,6,59,77
b,5,58,76
b,18,200,253
b,14,196,249
b,11,193,246
b,14,196,249
b,15,194,251
b,11,190,247
b,16,180,242
b,1,165,227
b,11,194,254
b,10,193,253
b,6,194,250
b,7,195,251
b,9,197,253
b,12,184,248
b,7,179,243
b,2,148,213
b,9,189,250
b,8,186,250
b,6,193,252
b,2,198,251
b,1,197,250
b,5,198,252
b,11,183,249
b,5,145,215
b,17,189,253
b,4,191,250
b,7,194,253
b,4,188,254
b,3,201,253
b,2,200,252
b,1,186,247
b,4,189,250
b,18,177,252
b,29,181,247
b,4,191,254
b,1,188,251
b,5,180,247
b,4,164,236
b,16,176,248
b,5,192,253
b,6,193,254
b,4,191,254
b,1,186,249
b,11,176,249
b,7,151,224
b,6,191,254
b,3,192,254
b,1,174,249
b,8,155,229
b,11,158,239
b,6,153,234
b,11,168,250
b,21,136,194
b,3,148,241
b,3,148,241
b,2,158,251
b,1,136,208
b,6,138,217
b,3,146,247
b,1,190,250
b,14,161,240
b,4,134,225
b,1,131,222
b,3,140,248
b,2,189,248
b,7,161,244
b,12,128,188
b,3,131,225
b,9,194,253
b,2,159,246
b,2,129,226
b,1,135,244
b,2,158,251
b,1,157,250
b,1,120,197
b,1,128,227
b,2,136,243
b,1,157,252
b,6,150,223
b,4,136,241
b,7,149,225
b,1,127,197
b,1,131,224
b,4,134,240
b,3,137,244
b,1,135,242
b,5,144,221
b,1,131,235
b,2,145,251
b,2,145,251
b,1,150,254
b,3,143,215
b,28,127,172
b,2,130,190
b,3,149,252
b,2,148,251
b,2,146,219
b,35,131,177
b,2,126,187
b,2,130,204
b,2,129,226
b,2,129,226
b,3,135,238
b,2,140,224
b,23,121,171
b,1,130,228
b,1,132,228
b,1,134,231
b,1,134,231
b,6,140,232
b,1,135,227
b,16,120,175
b,1,129,221
b,2,133,231
b,1,135,244
b,18,118,177
b,1,124,213
b,3,128,221
b,2,130,222
b,1,131,246
b,1,134,248
b,2,135,249
b,22,119,174
b,1,121,204
b,2,129,240
b,19,114,165
b,5,104,147
b,6,105,148
b,1,130,215
b,2,131,202
b,15,110,152
b,18,110,151
b,12,104,145
b,22,114,148
b,20,102,137
b,1,121,214
b,23,92,125
b,3,108,154
b,32,85,114
b,3,100,141
b,8,105,146
b,9,93,132
b,12,96,135
b,1,109,140
b,24,92,128
b,19,87,123
b,8,101,128
b,40,96,126
b,26,82,112
b,3,98,138
b,44,116,141
b,7,141,199
b,5,139,197
b,2,137,199
b,50,91,113
b,11,92,127
b,14,95,130
b,5,100,138
b,1,93,127
b,17,137,191
b,9,155,216
b,19,165,226
b,17,177,242
b,18,178,243
b,9,169,237
b,17,177,245
b,17,180,247
b,14,177,244
b,17,180,247
b,17,180,247
b,13,168,235
b,5,160,227
b,8,143,205
b,29,91,124
b,22,84,117
b,1,98,153
b,5,104,149
b,22,103,141
b,9,108,133
b,12,140,198
b,17,168,241
b,23,174,247
b,13,181,250
b,8,176,245
b,1,179,245
b,4,184,249
b,6,186,251
b,5,185,250
b,3,183,248
b,4,184,249
b,2,182,247
b,4,182,248
b,12,178,248
b,14,152,220
b,56,105,131
b,29,78,104
b,1,81,121
b,2,92,145
b,3,94,137
b,8,99,142
b,40,110,145
b,5,131,188
b,15,141,198
b,19,170,245
b,19,170,245
b,4,173,249
b,2,171,247
b,4,181,250
b,6,183,252
b,1,188,251
b,1,186,249
b,1,185,251
b,5,184,252
b,4,183,251
b,7,174,248
b,10,177,251
b,36,73,92
b,9,80,112
b,7,78,110
b,2,86,136
b,1,90,143
b,1,96,138
b,3,83,126
b,12,125,172
b,10,158,234
b,12,160,236
b,4,168,248
b,6,170,250
b,1,185,251
b,1,193,252
b,1,193,252
b,2,194,253
b,1,183,250
b,5,187,254
b,5,164,239
b,4,163,238
b,10,73,101
b,12,75,103
b,1,85,135
b,2,80,114
b,20,104,127
b,14,148,215
b,25,159,226
b,6,163,250
b,4,161,248
b,1,171,251
b,3,173,253
b,2,184,253
b,1,196,254
b,5,179,251
b,23,171,245
b,18,65,92
b,6,77,123
b,5,76,122
b,2,84,135
b,1,83,132
b,2,84,133
b,5,79,119
b,9,124,166
b,29,144,186
b,12,157,241
b,11,156,240
b,5,168,253
b,3,176,253
b,1,193,254
b,1,196,254
b,4,188,254
b,5,175,251
b,8,178,254
b,1,56,103
b,5,73,122
b,7,75,124
b,5,78,123
b,25,108,134
b,11,147,214
b,1,154,244
b,6,159,249
b,5,170,254
b,3,217,253
b,28,179,252
b,4,58,100
b,13,67,109
b,5,68,105
b,1,76,113
b,1,75,117
b,2,82,106
b,3,78,102
b,3,66,92
b,7,110,152
b,26,129,171
b,3,148,234
b,4,149,235
b,1,166,252
b,8,173,248
b,4,51,78
b,15,62,89
b,12,65,98
b,3,56,89
b,5,66,104
b,12,73,111
b,9,75,115
b,1,67,107
b,2,67,110
b,3,68,111
b,5,71,107
b,7,69,86
b,20,139,202
b,22,141,204
b,4,151,251
b,4,151,251
b,3,159,254
b,2,171,249
b,3,172,250
b,5,46,79
b,8,49,82
b,10,57,95
b,5,55,94
b,5,56,88
b,9,60,92
b,28,120,140
b,4,136,213
b,9,141,218
b,1,148,248
b,4,151,251
b,1,196,254
b,5,154,237
b,12,123,164
b,20,131,172
b,4,145,228
b,1,153,251
b,4,161,248
b,1,158,245
b,10,132,190
b,2,143,235
b,7,148,240
b,1,152,253
b,3,163,249
b,2,162,248
b,26,101,134
b,7,131,202
b,3,143,241
b,9,149,247
b,2,142,230
b,3,143,231
b,2,147,238
b,1,164,249
b,4,146,224
b,21,109,149
b,9,133,213
b,1,139,240
b,7,145,246
b,2,188,254
b,9,153,250
b,10,157,238
b,8,110,154
b,4,133,220
b,5,145,247
b,1,150,252
b,4,131,230
b,3,152,237
b,2,109,158
b,18,125,174
b,1,143,247
b,8,180,239
b,3,79,168
b,11,124,223
b,5,154,241
b,3,152,239
b,5,122,177
b,16,133,188
b,5,139,227
b,4,147,248
b,1,150,254
b,11,116,211
b,1,149,239
b,1,127,184
b,7,133,190
b,1,136,221
b,1,139,240
b,4,142,243
b,2,145,253
b,9,107,200
b,9,160,249
b,30,64,72
b,20,54,62
b,18,59,65
b,23,64,70
b,13,58,69
b,14,59,70
b,19,56,75
b,17,54,73
b,21,110,147
b,5,131,199
b,2,100,189
b,1,155,240
b,13,167,252
b,2,123,188
b,25,66,72
b,21,62,68
b,32,88,87
b,36,92,91
b,29,85,88
b,32,88,91
b,24,80,90
b,19,75,85
b,13,71,87
b,20,78,94
b,13,54,78
b,14,55,79
b,20,112,153
b,2,132,225
b,15,184,233
b,9,170,249
b,2,146,245
b,2,146,245
b,8,126,194
b,20,52,63
b,20,52,63
b,9,65,64
b,11,67,66
b,17,85,82
b,6,74,71
b,14,78,81
b,23,87,90
b,16,77,88
b,13,74,85
b,12,77,93
b,13,78,94
b,12,73,95
b,19,80,102
b,20,53,80
b,10,43,70
b,18,110,151
b,2,124,195
b,3,128,221
b,4,136,237
b,2,141,250
b,5,132,215
b,5,182,251
b,3,146,245
b,10,128,194
b,31,47,66
b,19,62,74
b,26,69,81
b,10,73,74
b,9,72,73
b,4,74,72
b,3,73,71
b,11,79,87
b,25,93,101
b,13,81,91
b,11,79,89
b,12,79,92
b,10,77,90
b,6,76,100
b,3,73,97
b,21,68,95
b,7,54,81
b,23,51,66
b,16,107,148
b,1,121,191
b,2,133,231
b,40,205,239
b,19,134,176
b,20,164,230
b,10,193,253
b,1,144,243
b,6,122,186
b,18,46,63
b,23,51,68
b,14,65,79
b,20,71,85
b,9,73,78
b,5,69,74
b,4,71,75
b,7,75,85
b,6,74,84
b,12,78,89
b,17,83,94
b,9,79,93
b,10,80,94
b,3,73,97
b,3,73,97
b,14,73,96
b,13,72,95
b,33,77,95
b,25,69,87
b,10,104,149
b,1,122,189
b,1,129,221
b,1,138,244
b,3,140,246
b,4,176,244
b,87,205,221
b,84,169,201
b,63,148,180
b,53,146,182
b,64,157,193
b,48,189,234
b,4,118,181
b,34,48,68
b,10,47,66
b,11,48,67
b,15,68,86
b,13,66,84
b,7,68,79
b,2,63,74
b,11,72,83
b,13,75,90
b,3,65,80
b,6,74,84
b,10,78,88
b,6,78,92
b,7,78,97
b,9,80,99
b,11,75,94
b,7,71,90
b,11,64,84
b,6,59,79
b,16,41,64
b,11,113,155
b,1,131,222
b,6,145,240
b,3,115,176
b,7,29,51
b,12,34,56
b,10,47,66
b,11,48,67
b,6,56,75
b,11,61,80
b,3,64,77
b,5,63,81
b,8,66,84
b,10,68,84
b,9,67,83
b,4,75,84
b,4,75,84
b,2,74,86
b,5,77,89
b,12,83,100
b,14,85,102
b,15,84,101
b,17,86,103
b,9,68,89
b,3,35,65
b,8,114,157
b,18,181,248
b,16,201,251
b,1,137,231
b,1,137,231
b,5,118,176
b,23,43,69
b,29,49,75
b,4,41,58
b,7,56,73
b,1,57,71
b,1,57,71
b,3,62,75
b,6,65,78
b,10,69,82
b,11,70,83
b,7,73,84
b,8,74,85
b,7,78,87
b,3,74,83
b,14,86,100
b,10,82,96
b,11,80,97
b,11,80,97
b,5,69,88
b,1,65,84
b,23,63,90
b,2,42,69
b,8,117,154
b,1,124,211
b,1,135,242
b,11,168,252
b,9,183,253
b,11,120,173
b,25,21,40
b,9,25,44
b,12,28,47
b,1,37,47
b,5,41,51
b,1,57,71
b,8,64,78
b,3,66,76
b,5,68,78
b,4,70,79
b,8,74,83
b,5,76,85
b,3,74,83
b,5,75,87
b,7,77,89
b,8,78,92
b,5,75,89
b,5,75,89
b,3,73,87
b,16,68,91
b,12,64,87
b,35,51,72
b,10,114,153
b,1,131,235
b,1,131,235
b,3,139,252
b,2,138,251
b,1,147,228
b,6,165,233
b,1,164,251
b,12,121,172
b,18,16,27
b,5,21,31
b,15,31,41
b,5,41,51
b,17,53,63
b,3,51,61
b,1,60,71
b,3,62,73
b,1,62,75
b,2,63,76
b,6,74,84
b,9,77,87
b,5,75,87
b,8,78,90
b,7,77,91
b,1,71,85
b,1,71,83
b,13,71,87
b,13,71,87
b,22,46,60
b,5,108,147
b,7,138,246
b,1,135,244
b,2,141,250
b,10,117,166
b,19,24,31
b,23,28,35
b,8,29,37
b,11,32,40
b,6,41,54
b,7,42,55
b,2,47,58
b,1,56,73
b,2,62,78
b,16,86,100
b,15,85,99
b,11,78,93
b,13,80,95
b,5,75,87
b,7,77,89
b,1,74,83
b,1,74,83
b,13,72,83
b,1,60,71
b,18,47,55
b,25,54,62
b,3,103,141
b,1,132,244
b,1,137,250
b,1,143,251
b,16,112,156
b,23,33,36
b,20,30,33
b,9,31,43
b,10,32,44
b,6,39,54
b,3,36,51
b,3,41,55
b,1,45,59
b,1,45,59
b,1,52,68
b,1,52,68
b,1,63,80
b,4,70,88
b,8,79,88
b,5,76,85
b,4,75,84
b,5,76,85
b,4,65,74
b,3,64,73
b,23,57,65
b,22,56,64
b,2,130,236
b,1,132,244
b,1,139,251
b,12,22,29
b,15,25,32
b,1,24,43
b,5,28,47
b,4,39,52
b,3,38,51
b,6,44,56
b,4,42,54
b,3,50,63
b,5,63,79
b,8,69,89
b,13,74,94
b,9,76,91
b,2,73,82
b,1,72,81
b,7,71,76
b,17,56,63
b,12,51,58
b,1,128,241
b,9,21,27
b,11,23,29
b,2,32,35
b,8,38,41
b,7,44,45
b,2,41,50
b,9,48,57
b,3,47,54
b,4,52,62
b,2,50,60
b,4,55,69
b,4,55,69
b,1,54,74
b,5,59,81
b,22,76,98
b,1,65,70
b,19,63,68
b,9,53,58
b,48,128,166
b,39,135,179
b,44,140,184
b,38,139,188
b,33,134,183
b,21,131,179
b,12,122,170
b,9,116,163
b,4,111,158
b,1,129,235
b,2,129,240
b,1,128,239
b,2,22,33
b,5,25,36
b,3,33,36
b,12,47,48
b,1,36,37
b,3,39,47
b,13,49,57
b,5,50,59
b,9,54,63
b,4,53,68
b,1,50,65
b,4,53,77
b,10,59,83
b,3,64,77
b,3,64,77
b,1,64,72
b,9,58,61
b,5,54,57
b,50,128,162
b,56,134,168
b,29,144,198
b,22,137,191
b,7,146,205
b,12,151,210
b,5,158,217
b,5,158,217
b,5,161,219
b,5,161,219
b,7,156,216
b,28,112,149
b,1,103,147
b,1,122,223
b,2,124,237
b,4,106,155
b,4,24,35
b,5,25,36
b,7,39,48
b,1,42,50
b,2,43,51
b,4,49,60
b,4,51,76
b,1,48,73
b,6,64,82
b,6,64,82
b,5,54,57
b,6,55,58
b,59,130,162
b,55,126,158
b,16,139,194
b,25,148,203
b,10,166,228
b,19,175,237
b,18,192,248
b,17,191,247
b,14,199,251
b,15,200,252
b,13,202,251
b,13,202,251
b,15,200,250
b,8,193,243
b,16,184,242
b,4,136,188
b,38,107,138
b,1,97,141
b,8,103,143
b,3,20,25
b,5,22,27
b,1,28,48
b,5,29,43
b,1,25,39
b,9,42,55
b,3,46,58
b,1,44,56
b,7,61,85
b,10,64,88
b,1,62,75
b,8,54,58
b,5,51,55
b,68,126,154
b,26,139,193
b,26,139,193
b,3,157,229
b,10,164,236
b,7,179,245
b,9,197,253
b,8,207,254
b,1,195,242
b,3,197,244
b,10,183,237
b,8,126,176
b,35,153,203
b,7,92,135
b,1,106,167
b,17,102,134
b,22,34,36
b,8,20,22
b,2,27,48
b,1,32,48
b,6,37,53
b,15,52,69
b,5,49,65
b,4,48,64
b,5,53,73
b,1,49,69
b,1,56,75
b,2,62,80
b,4,53,58
b,74,123,147
b,28,129,176
b,29,130,177
b,7,149,223
b,18,160,234
b,7,171,249
b,11,175,253
b,5,182,251
b,6,195,253
b,14,173,227
b,9,168,222
b,78,152,183
b,82,156,187
b,12,20,19
b,1,23,37
b,2,27,52
b,1,43,60
b,12,54,71
b,9,58,73
b,1,52,68
b,1,52,68
b,11,66,83
b,1,56,73
b,2,61,74
b,12,47,60
b,55,122,153
b,46,113,144
b,6,136,198
b,21,151,213
b,4,161,243
b,6,163,245
b,3,173,253
b,1,198,253
b,2,199,254
b,4,188,243
b,35,151,202
b,50,166,217
b,118,153,168
b,2,100,150
b,3,106,150
b,9,112,156
b,10,19,12
b,2,23,31
b,1,22,30
b,2,24,50
b,3,42,60
b,6,57,73
b,2,53,69
b,1,54,72
b,3,52,69
b,21,44,61
b,49,127,163
b,54,132,168
b,14,156,232
b,14,156,232
b,1,166,252
b,1,166,252
b,1,177,253
b,1,187,253
b,5,198,252
b,18,167,227
b,21,170,230
b,94,158,190
b,2,114,191
b,1,113,190
b,8,100,136
b,1,19,15
b,1,19,15
b,1,21,32
b,2,22,33
b,2,34,54
b,3,40,59
b,4,43,59
b,10,49,65
b,89,128,144
b,24,130,173
b,24,130,173
b,2,144,229
b,9,151,236
b,4,159,254
b,2,161,253
b,3,162,254
b,1,196,252
b,11,179,244
b,64,156,199
b,71,163,206
b,4,23,13
b,3,22,26
b,3,22,26
b,1,29,44
b,4,32,47
b,1,36,51
b,3,45,60
b,6,53,66
b,1,50,65
b,8,38,57
b,11,41,60
b,75,127,150
b,66,118,141
b,3,123,179
b,11,131,187
b,5,147,236
b,1,151,250
b,1,160,254
b,1,177,253
b,3,182,250
b,25,148,201
b,39,162,215
b,96,142,162
b,2,88,124
b,20,95,128
b,24,99,132
b,2,15,26
b,4,26,36
b,2,24,34
b,4,32,36
b,6,37,51
b,8,53,62
b,4,49,58
b,2,50,60
b,2,47,58
b,15,36,53
b,53,117,149
b,42,106,138
b,8,132,201
b,9,133,202
b,2,142,232
b,1,151,250
b,8,156,223
b,17,165,232
b,78,145,178
b,9,74,101
b,4,84,129
b,3,83,128
b,2,89,138
b,1,96,136
b,32,91,116
b,1,12,21
b,2,13,22
b,10,28,37
b,3,21,30
b,6,30,32
b,2,32,37
b,3,33,38
b,2,41,48
b,3,47,52
b,6,49,59
b,1,44,54
b,2,45,55
b,5,38,51
b,99,123,135
b,32,106,146
b,35,109,149
b,9,135,207
b,11,137,209
b,2,138,232
b,3,150,250
b,4,166,240
b,52,140,184
b,64,152,196
b,4,70,106
b,6,85,130
b,2,89,138
b,4,86,119
b,53,33,34
b,52,35,35
b,58,41,41
b,43,37,41
b,34,28,32
b,23,23,27
b,23,23,27
b,27,27,29
b,38,38,40
b,4,13,23
b,1,10,20
b,3,25,28
b,3,25,28
b,2,30,34
b,5,33,37
b,3,38,41
b,2,37,40
b,5,41,51
b,7,34,47
b,95,124,136
b,27,112,155
b,29,114,157
b,5,134,203
b,3,132,201
b,9,153,252
b,2,153,254
b,28,138,186
b,42,152,200
b,3,51,73
b,2,68,106
b,3,69,107
b,1,77,125
b,9,85,133
b,1,87,139
b,7,92,137
b,3,88,133
b,9,74,99
b,38,28,40
b,58,48,60
b,60,50,60
b,46,36,46
b,46,41,53
b,56,51,63
b,52,69,81
b,51,68,80
b,43,67,79
b,42,66,78
b,37,61,71
b,28,52,62
b,30,51,59
b,26,47,55
b,24,37,46
b,7,14,22
b,3,10,18
b,1,14,23
b,2,24,27
b,6,32,34
b,1,35,34
b,3,37,36
b,2,34,43
b,6,38,47
b,85,118,133
b,17,112,154
b,23,118,160
b,3,133,195
b,1,139,238
b,6,144,243
b,1,170,250
b,14,141,193
b,19,146,198
b,12,74,120
b,8,80,132
b,5,77,129
b,1,80,132
b,8,79,111
b,39,29,43
b,40,30,44
b,31,28,47
b,46,43,62
b,44,47,66
b,44,47,66
b,43,55,71
b,31,43,59
b,23,62,80
b,32,71,89
b,28,68,81
b,38,78,91
b,37,75,89
b,25,63,77
b,16,55,73
b,18,57,75
b,29,59,80
b,21,51,72
b,3,23,36
b,5,15,18
b,4,14,17
b,4,21,24
b,4,26,29
b,1,23,26
b,4,33,32
b,5,37,28
b,3,35,26
b,2,33,33
b,2,33,33
b,80,119,135
b,74,113,129
b,10,112,154
b,17,119,161
b,8,140,233
b,1,164,251
b,14,145,204
b,12,143,202
b,70,134,168
b,2,55,104
b,13,66,115
b,7,73,123
b,6,72,122
b,4,76,119
b,3,75,118
b,48,39,34
b,44,35,30
b,30,34,48
b,32,36,50
b,30,46,67
b,30,46,67
b,30,49,67
b,32,51,69
b,27,58,72
b,18,49,63
b,12,66,79
b,29,83,96
b,43,94,108
b,42,93,107
b,38,87,102
b,30,79,94
b,18,68,87
b,23,73,92
b,24,70,90
b,6,52,72
b,19,56,73
b,9,46,63
b,18,41,60
b,5,17,19
b,8,20,22
b,1,18,23
b,3,25,24
b,5,27,26
b,6,26,21
b,73,122,139
b,61,110,127
b,8,113,159
b,11,116,162
b,5,131,217
b,3,141,240
b,6,144,243
b,16,151,213
b,64,132,168
b,3,35,55
b,20,62,108
b,10,72,118
b,10,72,118
b,2,75,122
b,9,82,129
b,5,78,127
b,3,76,125
b,2,71,115
b,7,73,111
b,2,68,106
b,1,59,100
b,54,42,26
b,43,40,35
b,42,39,34
b,24,38,58
b,22,36,56
b,15,47,67
b,16,48,68
b,25,59,77
b,26,60,78
b,17,65,75
b,13,61,71
b,9,72,80
b,7,70,78
b,18,77,88
b,24,83,94
b,22,81,94
b,19,78,91
b,13,75,92
b,15,77,94
b,13,71,89
b,16,74,92
b,11,62,78
b,6,57,73
b,19,58,76
b,15,54,72
b,69,124,143
b,48,103,122
b,6,112,164
b,11,117,169
b,4,124,205
b,1,134,231
b,3,136,233
b,5,147,251
b,3,159,254
b,16,152,221
b,6,142,211
b,64,132,168
b,4,26,40
b,4,48,84
b,7,63,105
b,16,72,114
b,13,75,121
b,10,72,118
b,6,68,112
b,4,66,110
b,42,39,25
b,42,39,25
b,27,35,32
b,29,37,34
b,11,40,52
b,18,47,59
b,14,53,71
b,7,46,64
b,19,66,79
b,18,65,78
b,10,70,76
b,8,68,74
b,4,70,79
b,3,69,78
b,1,66,80
b,12,77,91
b,16,83,98
b,11,78,93
b,6,72,90
b,10,76,94
b,12,78,96
b,18,84,102
b,9,71,88
b,9,71,88
b,4,59,76
b,1,56,73
b,1,34,49
b,64,122,150
b,42,100,128
b,6,111,170
b,10,115,174
b,10,121,203
b,3,138,238
b,1,140,245
b,3,142,247
b,1,150,254
b,16,146,208
b,17,147,209
b,67,135,171
b,4,45,78
b,9,54,93
b,8,53,92
b,2,41,77
b,40,33,25
b,37,38,27
b,33,34,23
b,19,39,34
b,23,43,38
b,8,49,57
b,10,51,59
b,5,55,65
b,7,64,71
b,22,79,86
b,6,73,77
b,6,73,77
b,1,72,81
b,1,71,83
b,2,72,84
b,10,77,90
b,13,80,93
b,8,79,96
b,3,74,91
b,4,77,93
b,2,73,90
b,10,77,90
b,11,78,91
b,12,60,80
b,25,82,103
b,23,80,101
b,22,79,100
b,29,82,102
b,21,74,94
b,18,74,86
b,18,74,86
b,29,83,94
b,53,111,141
b,38,96,126
b,14,114,175
b,11,111,172
b,10,117,200
b,3,138,240
b,4,139,241
b,1,142,253
b,1,142,253
b,27,140,194
b,25,138,192
b,68,135,168
b,35,30,26
b,30,37,31
b,18,25,19
b,9,38,39
b,14,43,44
b,1,46,55
b,4,49,58
b,3,55,64
b,2,54,63
b,22,82,88
b,10,76,83
b,4,70,77
b,1,71,83
b,4,74,86
b,2,72,86
b,3,75,89
b,5,77,91
b,2,74,88
b,1,73,87
b,3,74,91
b,2,74,88
b,16,75,88
b,8,73,87
b,8,73,87
b,5,74,95
b,10,79,100
b,9,77,101
b,14,82,106
b,12,80,106
b,9,77,103
b,5,74,95
b,10,79,100
b,13,80,95
b,14,81,96
b,19,74,93
b,20,75,94
b,49,109,140
b,36,96,127
b,5,108,168
b,14,117,177
b,13,117,201
b,1,122,212
b,1,130,226
b,4,134,236
b,3,135,240
b,4,136,241
b,2,136,243
b,2,136,243
b,2,145,251
b,98,205,254
b,52,159,208
b,70,132,165
b,32,29,24
b,30,27,22
b,26,39,34
b,18,31,26
b,1,35,43
b,8,42,50
b,5,50,61
b,3,53,61
b,3,53,61
b,1,61,65
b,1,61,65
b,3,70,74
b,5,72,76
b,3,71,81
b,2,74,86
b,1,74,83
b,7,79,91
b,7,79,91
b,5,79,92
b,2,76,89
b,4,78,91
b,4,70,79
b,13,56,66
b,4,63,72
b,11,70,79
b,8,78,90
b,9,79,91
b,1,74,94
b,6,78,103
b,8,80,105
b,5,77,104
b,2,74,101
b,4,76,101
b,8,80,105
b,6,79,99
b,4,77,97
b,9,78,99
b,8,77,98
b,18,73,92
b,21,76,95
b,64,124,153
b,34,94,123
b,7,111,166
b,14,118,173
b,8,118,191
b,9,119,204
b,2,119,210
b,5,135,239
b,2,132,236
b,3,135,240
b,1,133,238
b,27,169,245
b,92,194,243
b,68,170,219
b,69,129,156
b,41,41,35
b,28,28,22
b,16,39,35
b,7,30,26
b,1,39,53
b,1,43,58
b,5,62,67
b,6,63,68
b,3,67,70
b,1,74,81
b,7,80,85
b,6,80,82
b,6,80,82
b,7,80,87
b,8,81,88
b,6,79,88
b,5,78,87
b,1,74,81
b,14,69,77
b,14,71,76
b,3,71,77
b,6,74,80
b,2,74,86
b,2,74,86
b,1,74,90
b,5,78,98
b,5,78,98
b,3,78,100
b,5,80,102
b,9,84,106
b,3,80,101
b,5,82,103
b,6,79,99
b,8,81,101
b,12,74,91
b,12,74,91
b,21,72,84
b,36,95,116
b,8,113,163
b,11,116,166
b,1,119,187
b,5,120,203
b,3,118,201
b,1,119,205
b,2,120,206
b,1,120,208
b,9,130,229
b,2,123,222
b,3,130,227
b,4,131,230
b,12,148,242
b,59,187,243
b,53,181,237
b,87,181,228
b,79,173,220
b,47,33,25
b,20,23,22
b,16,19,18
b,5,34,31
b,7,36,33
b,2,41,61
b,4,59,65
b,7,62,68
b,4,64,70
b,2,71,74
b,8,83,87
b,1,77,76
b,5,81,80
b,7,87,82
b,9,89,84
b,5,83,86
b,2,80,83
b,8,69,80
b,3,64,75
b,3,67,70
b,4,75,80
b,4,75,80
b,1,75,86
b,2,78,97
b,2,78,97
b,6,82,101
b,9,80,101
b,10,81,102
b,15,77,94
b,12,74,91
b,11,67,81
b,43,97,112
b,9,112,156
b,13,116,160
b,1,122,189
b,5,126,193
b,2,121,200
b,2,120,202
b,2,122,207
b,2,120,213
b,62,189,243
b,67,194,248
b,88,180,223
b,76,168,211
b,44,28,25
b,21,29,28
b,17,25,24
b,1,32,30
b,6,37,35
b,4,43,59
b,2,46,60
b,3,67,72
b,5,76,81
b,2,73,78
b,1,74,79
b,5,81,82
b,6,82,83
b,9,88,86
b,6,85,83
b,2,83,82
b,2,83,82
b,2,82,86
b,1,81,85
b,4,71,84
b,6,42,50
b,11,59,67
b,3,65,71
b,2,64,70
b,5,73,79
b,4,72,78
b,1,72,77
b,1,72,77
b,4,80,99
b,14,90,109
b,16,89,107
b,16,89,107
b,19,86,101
b,17,84,99
b,15,75,93
b,9,69,87
b,21,70,83
b,48,97,110
b,5,108,145
b,14,117,154
b,1,123,185
b,3,125,187
b,1,115,205
b,1,120,208
b,43,178,252
b,49,188,247
b,35,174,233
b,105,197,236
b,42,26,23
b,14,32,28
b,10,28,24
b,3,37,34
b,5,45,58
b,4,49,60
b,4,49,60
b,1,50,63
b,3,70,74
b,1,68,72
b,7,78,83
b,1,74,81
b,1,74,81
b,1,75,75
b,6,80,80
b,5,84,82
b,1,82,81
b,3,84,83
b,4,74,88
b,9,47,59
b,2,53,67
b,4,55,69
b,5,61,73
b,5,61,73
b,3,70,74
b,1,68,72
b,1,72,81
b,2,74,88
b,9,85,102
b,17,93,110
b,17,93,110
b,14,83,100
b,3,72,89
b,10,74,93
b,7,71,90
b,13,67,82
b,8,102,133
b,17,111,142
b,1,121,177
b,3,123,179
b,40,178,246
b,25,165,219
b,12,152,206
b,77,191,242
b,31,26,22
b,22,17,13
b,10,34,34
b,7,31,31
b,2,34,45
b,1,39,53
b,5,43,57
b,1,51,59
b,5,55,63
b,4,56,63
b,2,70,76
b,2,78,79
b,3,70,83
b,3,70,83
b,24,61,78
b,8,45,62
b,10,48,60
b,1,52,64
b,1,61,67
b,5,68,78
b,1,67,78
b,11,81,95
b,6,79,97
b,8,81,99
b,12,88,103
b,6,82,97
b,10,80,92
b,11,81,93
b,13,78,92
b,11,76,90
b,12,70,86
b,8,66,82
b,11,61,71
b,19,105,132
b,18,104,131
b,2,116,165
b,4,118,167
b,3,120,191
b,1,111,186
b,4,139,199
b,28,163,223
b,7,142,191
b,5,140,189
b,55,165,211
b,86,196,242
b,36,44,41
b,28,36,33
b,3,31,37
b,2,30,36
b,1,45,52
b,5,49,56
b,3,52,55
b,4,53,56
b,3,52,55
b,4,66,70
b,1,62,71
b,2,63,72
b,3,71,77
b,2,75,80
b,10,49,65
b,4,43,59
b,8,49,57
b,3,51,61
b,3,51,61
b,1,62,73
b,2,63,74
b,2,73,90
b,3,75,89
b,3,75,89
b,11,79,89
b,14,82,92
b,20,88,98
b,23,91,101
b,18,83,97
b,4,69,83
b,10,66,80
b,27,97,121
b,9,135,192
b,22,148,205
b,5,131,176
b,8,134,179
b,37,136,181
b,64,163,208
b,24,37,34
b,15,28,25
b,7,32,39
b,8,33,40
b,6,33,53
b,2,29,49
b,1,45,52
b,3,47,54
b,2,48,52
b,1,47,51
b,5,52,51
b,2,49,48
b,3,53,51
b,2,52,50
b,1,61,65
b,5,65,69
b,1,65,70
b,3,67,72
b,4,61,68
b,1,52,64
b,3,54,66
b,1,60,73
b,9,68,81
b,3,74,81
b,2,65,73
b,9,51,66
b,7,49,64
b,10,42,53
b,13,45,56
b,3,46,58
b,5,48,60
b,6,53,66
b,9,59,67
b,7,57,65
b,7,64,71
b,6,65,76
b,10,77,90
b,11,78,91
b,9,77,87
b,13,81,91
b,12,83,90
b,1,72,79
b,2,74,86
b,3,74,91
b,5,68,80
b,7,70,82
b,4,96,130
b,5,97,131
b,24,138,187
b,24,138,187
b,14,127,170
b,7,120,163
b,14,105,148
b,16,26,31
b,15,25,30
b,6,28,40
b,6,28,40
b,2,33,47
b,4,45,53
b,4,45,53
b,1,47,51
b,7,54,53
b,3,53,51
b,2,62,66
b,12,68,69
b,6,33,55
b,4,52,72
b,3,69,78
b,3,69,78
b,5,68,76
b,5,68,76
b,4,52,62
b,3,51,61
b,5,29,41
b,5,29,41
b,1,33,51
b,12,44,62
b,11,48,67
b,3,46,58
b,14,57,69
b,2,48,54
b,5,62,67
b,3,63,67
b,1,67,76
b,5,71,80
b,3,71,79
b,7,75,83
b,11,82,91
b,10,81,90
b,5,79,90
b,4,78,89
b,5,76,93
b,1,67,78
b,27,104,125
b,12,89,110
b,1,100,143
b,2,105,149
b,24,127,171
b,19,119,157
b,9,109,147
b,18,102,139
b,25,27,33
b,17,19,25
b,6,18,36
b,6,18,36
b,1,23,47
b,1,23,47
b,1,28,50
b,2,29,51
b,4,43,52
b,1,45,48
b,2,51,52
b,1,56,62
b,4,59,65
b,10,60,58
b,3,41,66
b,3,50,63
b,7,27,42
b,1,21,45
b,8,28,52
b,2,43,51
b,4,53,58
b,2,58,61
b,2,58,61
b,7,68,77
b,6,67,76
b,7,70,80
b,8,71,81
b,5,76,85
b,7,78,87
b,1,76,84
b,3,74,83
b,37,95,111
b,5,92,123
b,5,92,123
b,9,104,144
b,28,110,143
b,29,111,144
b,37,34,31
b,22,19,16
b,9,19,35
b,11,21,37
b,1,23,49
b,1,23,49
b,4,31,55
b,1,28,52
b,1,37,45
b,1,43,44
b,3,48,48
b,4,53,56
b,5,54,57
b,3,55,62
b,7,59,66
b,8,60,69
b,3,55,64
b,10,41,41
b,9,25,46
b,12,47,76
b,1,55,81
b,1,55,81
b,1,63,80
b,1,62,75
b,6,50,64
b,4,48,62
b,16,30,36
b,11,29,38
b,3,21,30
b,12,29,43
b,17,34,48
b,1,37,47
b,3,39,49
b,6,59,63
b,4,57,61
b,1,59,57
b,6,64,62
b,8,68,72
b,6,66,70
b,6,67,80
b,6,67,80
b,1,67,78
b,6,72,83
b,3,74,83
b,1,72,81
b,1,75,86
b,14,65,70
b,14,84,108
b,5,86,119
b,21,102,135
b,40,39,24
b,26,25,10
b,7,19,23
b,10,22,26
b,3,22,40
b,3,22,40
b,4,27,46
b,6,29,48
b,4,37,41
b,6,39,43
b,5,42,45
b,7,44,47
b,7,54,69
b,2,19,31
b,9,25,44
b,5,35,69
b,4,51,78
b,5,52,79
b,3,58,77
b,4,59,78
b,1,57,71
b,2,47,58
b,4,49,60
b,14,29,26
b,7,26,28
b,17,46,45
b,10,39,38
b,5,42,43
b,11,48,51
b,1,34,47
b,5,50,61
b,5,50,61
b,4,55,60
b,15,66,71
b,8,60,69
b,5,63,79
b,6,64,80
b,6,72,83
b,4,72,82
b,3,71,81
b,1,73,85
b,3,73,85
b,7,59,66
b,19,93,124
b,10,84,115
b,4,89,130
b,7,80,114
b,25,98,132
b,46,110,133
b,22,16,3
b,26,20,7
b,8,14,14
b,12,18,18
b,7,28,36
b,3,24,32
b,4,23,41
b,5,24,42
b,1,29,44
b,2,30,45
b,2,34,43
b,4,36,45
b,3,39,47
b,2,49,62
b,3,50,63
b,2,45,66
b,5,18,45
b,11,54,75
b,2,46,53
b,3,47,54
b,13,28,23
b,7,30,24
b,5,28,22
b,15,47,40
b,4,36,29
b,9,45,41
b,14,50,48
b,4,28,40
b,11,35,47
b,19,34,47
b,6,21,34
b,6,40,58
b,7,56,69
b,7,62,81
b,10,65,84
b,7,69,84
b,4,69,83
b,3,68,82
b,2,71,88
b,5,71,89
b,7,57,67
b,36,103,134
b,15,82,113
b,9,87,121
b,7,85,119
b,8,89,124
b,1,82,117
b,3,77,117
b,2,77,114
b,1,76,113
b,5,76,108
b,7,78,110
b,43,97,123
b,27,13,7
b,18,18,18
b,23,23,23
b,14,26,32
b,15,27,33
b,9,26,42
b,3,20,36
b,2,21,52
b,2,29,49
b,2,35,48
b,1,39,51
b,3,41,53
b,1,45,59
b,6,50,64
b,7,51,69
b,8,52,70
b,2,12,38
b,1,13,45
b,3,15,47
b,3,36,63
b,8,41,68
b,4,53,68
b,7,56,71
b,1,55,66
b,8,49,53
b,17,33,24
b,2,27,22
b,4,35,33
b,3,34,32
b,10,44,41
b,11,45,42
b,10,46,42
b,7,17,31
b,7,17,31
b,3,31,48
b,8,48,61
b,10,50,63
b,4,54,64
b,2,56,69
b,2,56,69
b,4,65,78
b,3,68,82
b,13,60,75
b,27,79,106
b,21,79,107
b,21,79,107
b,25,81,109
b,17,73,101
b,28,79,109
b,38,89,119
b,41,94,123
b,46,99,128
b,35,21,15
b,22,19,16
b,20,17,14
b,19,18,27
b,17,16,25
b,4,19,34
b,3,19,38
b,4,20,39
b,1,23,45
b,4,26,48
b,2,35,50
b,8,41,56
b,2,41,50
b,11,58,75
b,10,57,74
b,2,26,54
b,1,45,61
b,8,52,68
b,3,54,66
b,2,53,65
b,5,62,69
b,6,63,70
b,4,60,61
b,1,57,58
b,22,58,56
b,15,31,22
b,1,28,23
b,5,32,27
b,4,37,39
b,2,35,37
b,4,38,35
b,8,42,39
b,9,41,34
b,9,41,34
b,1,14,23
b,2,10,27
b,4,25,44
b,15,36,55
b,5,43,57
b,1,39,53
b,3,53,61
b,1,51,59
b,3,55,62
b,7,59,66
b,1,57,67
b,7,63,73
b,6,65,76
b,3,62,73
b,18,62,76
b,23,23,17
b,21,21,15
b,9,14,21
b,8,13,20
b,6,22,30
b,13,27,33
b,10,24,30
b,6,22,41
b,7,23,42
b,12,45,58
b,2,35,48
b,2,36,44
b,6,40,48
b,3,54,68
b,10,61,75
b,11,60,84
b,3,48,73
b,4,52,72
b,2,50,70
b,1,52,64
b,7,58,70
b,5,59,70
b,1,55,66
b,1,56,64
b,4,55,58
b,4,55,58
b,9,33,21
b,3,34,30
b,5,36,32
b,6,39,43
b,6,39,43
b,16,43,38
b,12,39,34
b,12,30,55
b,9,58,63
b,3,52,57
b,4,56,52
b,8,60,56
b,9,62,62
b,9,62,62
b,6,62,65
b,6,62,65
b,3,64,75
b,2,62,78
b,2,62,78
b,22,59,76
b,15,20,8
b,10,15,3
b,2,14,18
b,5,17,21
b,2,20,27
b,2,20,27
b,8,22,24
b,10,24,26
b,6,21,34
b,5,20,33
b,4,31,42
b,13,40,51
b,5,40,43
b,2,37,40
b,4,45,53
b,7,48,56
b,2,53,69
b,1,52,68
b,7,59,84
b,5,57,82
b,2,54,79
b,4,57,77
b,4,60,72
b,5,61,73
b,13,64,78
b,19,55,61
b,12,48,54
b,8,35,28
b,4,38,35
b,2,36,33
b,3,34,50
b,2,30,47
b,2,30,47
b,25,46,54
b,19,40,48
b,1,9,10
b,1,13,27
b,3,16,41
b,4,39,54
b,4,50,54
b,7,53,57
b,2,54,50
b,10,62,58
b,7,59,55
b,5,57,53
b,2,55,57
b,8,61,63
b,3,62,71
b,2,61,70
b,1,60,73
b,2,61,74
b,25,56,72
b,15,16,10
b,3,15,19
b,7,19,23
b,4,28,30
b,7,31,33
b,4,22,29
b,4,22,29
b,1,24,31
b,1,24,31
b,8,43,56
b,2,51,66
b,3,53,74
b,3,52,76
b,2,51,75
b,1,56,75
b,3,59,73
b,13,46,50
b,3,33,36
b,2,33,49
b,5,33,48
b,4,32,47
b,7,34,45
b,14,41,52
b,10,19,29
b,2,15,24
b,2,22,37
b,6,51,60
b,7,58,59
b,2,53,54
b,8,60,58
b,7,58,63
b,11,62,67
b,8,63,71
b,4,58,71
b,2,17,16
b,7,22,21
b,2,23,31
b,2,24,34
b,4,26,36
b,4,29,36
b,2,27,34
b,1,31,36
b,2,33,49
b,9,53,67
b,4,48,62
b,2,53,69
b,1,49,71
b,2,51,77
b,2,50,72
b,1,40,56
b,1,32,30
b,3,35,42
b,9,41,48
b,8,42,52
b,13,47,57
b,4,30,46
b,5,18,27
b,4,31,44
b,7,34,47
b,1,44,54
b,2,45,55
b,2,52,62
b,5,55,65
b,4,55,67
b,4,55,67
b,2,53,67
b,9,60,74
b,4,17,16
b,1,23,33
b,6,44,58
b,4,42,56
b,15,57,72
b,7,47,78
b,1,43,69
b,4,41,60
b,2,24,23
b,4,28,42
b,1,35,45
b,5,39,49
b,4,39,54
b,7,42,57
b,6,40,60
b,3,37,57
b,4,33,43
b,4,33,43
b,4,40,50
b,2,51,56
b,5,54,59
b,3,53,61
b,2,52,60
b,4,54,64
b,2,52,62
b,3,50,63
b,2,17,12
b,2,17,12
b,4,33,43
b,1,37,47
b,1,32,57
b,9,27,50
b,2,29,49
b,6,33,53
b,1,37,61
b,2,33,47
b,4,40,46
b,7,53,57
b,1,47,51
b,5,55,63
b,5,55,63
b,2,52,62
b,9,54,65
b,5,21,10
b,3,19,8
b,1,19,17
b,3,21,19
b,2,28,28
b,1,27,27
b,3,33,38
b,7,39,48
b,2,34,43
b,14,44,65
b,18,48,69
b,6,22,30
b,4,24,46
b,4,24,46
b,1,34,49
b,2,35,50
b,1,39,53
b,3,40,59
b,11,48,67
b,1,35,55
b,3,39,45
b,3,44,48
b,5,46,50
b,4,50,56
b,1,51,59
b,3,55,64
b,3,55,64
b,5,55,63
b,15,56,64
b,15,29,33
b,8,32,32
b,2,26,26
b,7,33,31
b,5,33,37
b,7,34,45
b,2,30,34
b,3,31,35
b,6,33,46
b,1,29,44
b,8,18,32
b,4,14,28
b,2,35,39
b,1,37,43
b,3,39,45
b,8,46,58
b,12,50,62
b,12,50,64
b,5,43,57
b,1,35,45
b,3,37,47
b,3,37,43
b,1,35,41
b,8,47,54
b,5,48,58
b,3,46,56
b,4,52,62
b,4,52,62
b,1,46,55
b,11,56,65
b,4,22,20
b,2,22,19
b,5,26,32
b,2,26,28
b,3,27,29
b,10,32,46
b,3,17,21
b,2,21,23
b,3,34,32
b,1,34,47
b,7,31,41
b,8,32,42
b,9,36,45
b,4,31,40
b,2,39,58
b,1,38,57
b,2,16,18
b,2,31,30
b,4,29,36
b,6,31,38
b,5,32,43
b,1,31,54
b,1,33,53
b,2,42,55
b,1,27,27
b,1,30,40
b,3,32,42
b,4,33,43
b,4,33,43
b,6,35,45
b,5,33,48
b,6,34,49
b,2,34,52
b,2,42,55
b,2,23,31
b,4,25,33
b,2,29,40
b,1,30,42
b,5,34,46
b,2,34,45
b,3,35,46
b,3,42,51
b,4,43,52
b,3,24,32
b,1,25,39
b,7,31,43
b,5,29,41
b,6,28,40
b,15,37,49
b,3,27,29
b,6,30,32
b,4,29,34
b,4,22,31
b,9,27,36
b,7,27,40
b,42,66,68
b,46,75,85
b,55,84,94
b,67,99,110
b,53,85,96
b,42,75,88
b,38,71,84
b,34,72,86
b,32,70,84
b,25,52,45
b,19,59,59
b,20,60,60
b,12,60,70
b,57,105,115
b,66,116,135
b,63,113,132
b,49,103,118
b,33,87,102
b,25,76,92
b,29,80,96
b,28,81,99
b,21,74,92
b,20,80,96
b,17,77,93
b,18,73,90
b,26,81,98
b,31,51,46
b,16,62,57
b,15,61,56
b,13,65,72
b,15,67,74
b,18,70,93
b,20,72,95
b,6,67,89
b,8,69,91
b,4,70,90
b,12,78,98
b,13,77,98
b,17,81,102
b,10,74,93
b,12,76,95
b,10,79,96
b,9,78,95
b,3,72,89
b,9,78,95
b,6,70,91
b,3,67,88
b,38,47,40
b,17,54,57
b,15,52,55
b,7,59,68
b,6,58,67
b,14,64,83
b,10,60,79
b,18,72,94
b,21,75,97
b,11,75,96
b,10,74,95
b,2,73,92
b,3,74,93
b,3,74,93
b,8,79,98
b,5,74,91
b,5,74,91
b,5,74,91
b,7,76,93
b,1,72,89
b,5,76,93
b,2,72,98
b,7,68,90
b,26,51,56
b,28,53,58
b,9,54,63
b,9,54,63
b,2,53,67
b,27,78,92
b,30,80,101
b,29,79,100
b,22,79,100
b,12,69,90
b,6,72,90
b,5,71,89
b,2,73,90
b,2,73,90
b,5,76,93
b,9,78,95
b,9,78,95
b,3,74,91
b,5,76,93
b,2,75,95
b,42,62,55
b,28,48,41
b,7,43,53
b,10,46,56
b,5,54,67
b,7,56,69
b,20,74,89
b,36,90,105
b,38,91,111
b,32,85,105
b,19,76,97
b,12,69,90
b,5,75,89
b,3,73,87
b,1,75,88
b,3,74,91
b,8,79,96
b,9,80,97
b,7,78,95
b,3,79,96
b,3,79,96
b,1,78,101
b,2,79,102
b,18,61,57
b,36,44,43
b,22,55,57
b,15,48,50
b,12,50,62
b,18,56,68
b,9,53,67
b,11,55,69
b,4,58,73
b,16,70,85
b,17,72,89
b,13,68,85
b,3,65,82
b,7,73,91
b,3,69,87
b,1,72,89
b,2,73,90
b,2,75,93
b,4,77,95
b,2,78,97
b,5,81,100
b,3,80,101
b,4,81,102
b,2,79,104
b,2,77,85
b,15,68,70
b,7,60,62
b,28,46,53
b,25,43,50
b,9,42,55
b,8,41,54
b,3,37,55
b,24,58,76
b,12,54,69
b,9,51,66
b,8,62,73
b,8,62,73
b,9,68,81
b,6,65,78
b,5,72,87
b,5,72,87
b,1,73,87
b,4,77,95
b,5,78,96
b,8,81,99
b,2,75,95
b,3,78,102
b,3,78,102
b,2,79,102
b,1,78,101
b,2,78,93
b,11,66,72
b,13,68,74
b,37,63,61
b,24,45,62
b,10,31,48
b,1,35,57
b,7,41,63
b,6,43,62
b,11,48,67
b,11,50,68
b,11,50,68
b,4,55,67
b,9,60,72
b,5,64,73
b,2,61,70
b,2,65,77
b,2,74,88
b,5,77,91
b,1,73,87
b,5,78,94
b,2,75,91
b,5,74,91
b,7,76,93
b,22,93,114
b,12,83,104
b,5,76,85
b,30,65,68
b,14,28,32
b,1,37,63
b,5,41,67
b,4,42,67
b,2,40,65
b,16,59,80
b,12,55,76
b,2,53,67
b,8,59,73
b,5,64,75
b,2,63,76
b,1,66,80
b,2,72,84
b,2,72,84
b,2,74,88
b,7,79,93
b,7,79,93
b,14,81,96
b,18,85,100
b,17,86,105
b,15,84,103
b,7,83,102
b,24,65,69
b,10,51,55
b,21,38,39
b,20,37,38
b,1,34,49
b,2,38,62
b,2,38,62
b,2,45,68
b,5,48,71
b,4,52,72
b,2,64,81
b,2,69,84
b,9,81,95
b,9,79,93
b,10,80,94
b,9,80,99
b,6,77,96
b,3,81,99
b,11,89,107
b,1,75,86
b,2,76,87
b,24,68,71
b,9,53,56
b,35,42,46
b,24,42,38
b,20,38,34
b,8,41,43
b,3,36,38
b,1,40,58
b,2,41,59
b,1,43,62
b,5,48,69
b,4,47,68
b,2,52,71
b,1,54,72
b,1,63,80
b,5,72,87
b,10,77,92
b,7,77,91
b,5,75,89
b,8,79,98
b,6,77,96
b,2,83,100
b,14,64,72
b,11,61,69
b,32,43,52
b,33,33,33
b,21,36,31
b,13,28,23
b,4,38,33
b,8,42,37
b,3,41,55
b,3,41,55
b,1,43,60
b,3,45,62
b,5,49,65
b,2,46,62
b,2,53,67
b,1,71,85
b,2,74,88
b,3,75,89
b,2,75,91
b,6,79,95
b,3,81,97
b,1,79,95
b,1,82,95
b,11,67,79
b,8,64,76
b,28,44,63
b,27,43,62
b,31,31,31
b,17,33,24
b,16,32,23
b,3,37,32
b,9,54,65
b,2,47,58
b,4,57,59
b,2,74,86
b,6,80,93
b,4,77,93
b,2,75,91
b,4,81,93
b,2,81,92
b,9,70,81
b,4,65,76
b,27,47,71
b,22,42,66
b,24,32,31
b,15,40,23
b,10,35,18
b,9,38,35
b,1,36,51
b,2,46,49
b,2,52,48
b,6,57,50
b,4,55,48
b,2,54,52
b,1,61,67
b,8,74,85
b,7,74,87
b,4,71,84
b,3,70,83
b,5,72,85
b,10,74,93
b,12,77,93
b,20,85,101
b,3,75,87
b,1,74,83
b,10,66,78
b,5,61,73
b,25,47,71
b,23,45,69
b,19,32,31
b,18,31,30
b,8,33,24
b,10,35,26
b,3,33,38
b,1,31,36
b,2,39,56
b,2,43,49
b,3,53,49
b,3,54,47
b,5,56,49
b,2,54,52
b,2,54,52
b,3,60,67
b,1,60,73
b,20,79,100
b,16,75,96
b,14,73,94
b,6,73,86
b,3,70,83
b,3,74,81
b,2,65,75
b,9,39,58
b,21,51,70
b,36,45,55
b,20,40,37
b,11,31,28
b,1,33,42
b,1,35,53
b,1,35,53
b,4,50,54
b,1,59,77
b,3,60,81
b,1,60,81
b,1,66,82
b,3,68,84
b,2,73,82
b,20,58,72
b,17,55,69
b,45,57,63
b,12,29,30
b,11,28,29
b,4,33,41
b,2,31,39
b,1,33,51
b,3,61,77
b,3,54,70
b,1,55,70
b,3,58,75
b,1,59,77
b,1,66,80
b,3,68,82
b,2,69,82
b,16,59,71
b,7,50,62
b,44,56,58
b,5,21,29
b,6,22,30
b,1,30,42
b,1,32,46
b,1,38,55
b,1,46,57
b,1,58,65
b,1,43,60
b,2,53,67
b,3,54,68
b,1,60,73
b,2,61,74
b,14,59,68
b,11,56,65
b,29,47,45
b,33,45,47
b,18,30,32
b,1,25,39
b,1,25,39
b,1,30,42
b,2,31,43
b,1,29,44
b,3,38,53
b,2,45,57
b,2,45,57
b,1,54,58
b,1,56,62
b,12,48,56
b,18,37,57
b,2,49,64
b,1,66,80
b,8,59,64
b,9,60,65
b,31,49,47
b,30,37,31
b,16,23,17
b,6,22,32
b,5,21,31
b,4,25,42
b,3,24,41
b,1,35,45
b,3,37,47
b,7,47,58
b,4,49,58
b,1,46,55
b,2,52,60
b,16,35,55
b,1,45,61
b,5,49,65
b,2,56,71
b,1,55,70
b,3,68,84
b,13,56,68
b,8,51,63
b,31,51,48
b,40,35,31
b,20,15,11
b,9,19,26
b,11,21,28
b,5,26,34
b,4,25,33
b,11,31,42
b,12,32,43
b,4,34,37
b,6,36,39
b,6,40,50
b,1,35,45
b,6,43,60
b,5,45,56
b,1,41,52
b,5,51,57
b,1,56,62
b,12,55,67
b,4,22,45
b,8,46,69
b,3,41,64
b,3,68,84
b,10,53,65
b,9,52,64
b,30,49,49
b,15,85,97
b,7,77,89
b,3,74,91
b,22,93,110
b,27,99,113
b,25,97,111
b,24,90,97
b,26,92,99
b,43,38,48
b,25,20,30
b,5,18,27
b,6,19,28
b,1,18,23
b,5,24,26
b,4,23,25
b,1,27,29
b,1,29,44
b,1,31,50
b,8,43,56
b,5,51,57
b,4,56,63
b,1,32,57
b,9,39,71
b,1,63,80
b,10,49,65
b,11,50,66
b,31,50,52
b,22,89,75
b,13,89,79
b,7,83,73
b,1,73,87
b,1,73,87
b,7,79,93
b,22,94,108
b,12,87,93
b,24,99,105
b,26,98,100
b,25,97,99
b,19,86,88
b,26,93,95
b,45,100,106
b,26,24,35
b,12,30,37
b,4,22,29
b,5,15,18
b,7,25,21
b,5,23,19
b,4,26,25
b,6,29,46
b,4,32,47
b,8,36,51
b,2,46,53
b,2,54,63
b,2,54,63
b,1,56,73
b,5,60,77
b,1,18,48
b,6,31,63
b,3,53,74
b,6,56,77
b,3,63,79
b,2,60,76
b,3,61,77
b,17,51,69
b,18,52,70
b,24,94,88
b,20,90,84
b,7,79,79
b,13,85,97
b,21,93,105
b,16,90,92
b,15,89,91
b,19,91,91
b,22,94,94
b,14,86,86
b,18,90,90
b,29,95,102
b,26,92,99
b,21,23,31
b,4,27,32
b,5,22,36
b,4,25,33
b,3,23,20
b,2,29,40
b,3,24,43
b,4,25,44
b,16,45,57
b,13,42,54
b,3,55,64
b,2,56,71
b,1,55,70
b,1,14,43
b,14,34,58
b,7,53,73
b,9,55,75
b,1,63,80
b,3,53,72
b,3,53,72
b,20,47,69
b,16,43,65
b,12,72,76
b,31,91,95
b,28,98,96
b,7,74,76
b,2,75,84
b,14,87,96
b,14,88,88
b,13,87,87
b,10,84,84
b,10,84,84
b,8,82,84
b,9,83,85
b,1,72,81
b,16,87,96
b,9,77,83
b,7,75,81
b,18,17,26
b,2,32,37
b,18,48,53
b,5,30,51
b,2,22,48
b,2,22,48
b,12,27,42
b,3,29,47
b,3,29,47
b,14,48,58
b,9,43,53
b,1,44,54
b,3,53,61
b,2,53,65
b,29,50,69
b,22,43,62
b,7,56,73
b,4,53,70
b,8,52,70
b,5,49,67
b,21,42,61
b,18,39,58
b,45,82,85
b,27,89,95
b,28,90,96
b,12,78,87
b,16,84,90
b,16,89,94
b,13,86,91
b,14,87,92
b,9,82,87
b,6,80,82
b,7,81,83
b,7,80,87
b,6,79,86
b,3,75,87
b,5,76,83
b,9,80,87
b,8,76,75
b,11,34,39
b,9,25,46
b,7,23,44
b,1,7,34
b,3,9,36
b,1,23,49
b,2,30,45
b,1,33,44
b,3,35,46
b,5,40,53
b,4,39,52
b,3,52,57
b,1,53,62
b,1,46,57
b,2,25,58
b,19,58,74
b,8,47,63
b,1,55,66
b,1,55,66
b,5,61,75
b,7,46,64
b,7,46,64
b,18,42,56
b,27,73,75
b,30,76,78
b,14,82,92
b,12,80,90
b,14,89,93
b,15,90,94
b,3,81,86
b,3,81,86
b,16,91,97
b,9,84,90
b,5,78,83
b,6,79,84
b,2,75,84
b,1,74,83
b,1,71,85
b,4,74,88
b,3,71,81
b,9,77,87
b,6,71,71
b,13,78,78
b,66,145,190
b,58,154,198
b,59,155,199
b,56,155,198
b,57,156,199
b,65,153,197
b,60,148,192
b,3,15,21
b,1,23,37
b,2,14,32
b,2,14,32
b,6,25,56
b,3,31,48
b,1,30,42
b,3,35,42
b,2,48,52
b,1,51,59
b,1,51,59
b,1,51,59
b,1,51,59
b,1,44,56
b,11,50,68
b,15,54,72
b,8,59,73
b,4,55,69
b,3,59,69
b,3,54,66
b,1,52,64
b,16,49,64
b,16,49,64
b,20,42,52
b,24,75,80
b,25,76,81
b,8,83,91
b,5,80,88
b,10,88,95
b,4,84,86
b,5,85,87
b,1,81,85
b,1,72,81
b,2,73,82
b,5,75,87
b,2,72,84
b,3,69,80
b,8,70,76
b,68,176,234
b,57,165,223
b,25,164,223
b,25,164,223
b,17,171,227
b,19,173,229
b,15,174,228
b,13,172,226
b,17,164,220
b,20,167,223
b,44,158,209
b,48,162,213
b,85,154,196
b,12,17,26
b,3,19,38
b,7,23,42
b,6,22,41
b,4,20,39
b,1,18,48
b,3,19,56
b,3,29,47
b,8,39,39
b,5,36,36
b,1,46,46
b,1,52,57
b,1,53,60
b,7,59,66
b,3,60,65
b,6,63,68
b,9,61,70
b,9,61,70
b,5,55,65
b,4,54,64
b,4,56,65
b,2,54,63
b,3,59,69
b,3,54,66
b,23,46,63
b,20,43,60
b,37,66,65
b,23,76,80
b,25,78,82
b,9,89,91
b,3,83,85
b,2,81,90
b,3,82,91
b,9,87,92
b,10,88,93
b,9,87,90
b,4,82,85
b,1,76,82
b,1,76,82
b,6,69,81
b,8,74,83
b,3,59,69
b,16,62,64
b,37,150,204
b,50,163,217
b,16,166,230
b,20,170,234
b,9,181,240
b,10,182,241
b,7,187,241
b,11,191,245
b,10,195,247
b,10,195,247
b,7,192,240
b,3,188,236
b,7,178,228
b,7,178,228
b,37,165,223
b,41,169,227
b,86,159,206
b,3,16,25
b,7,20,29
b,7,27,40
b,1,18,50
b,9,40,40
b,2,33,33
b,2,43,40
b,6,47,44
b,2,53,54
b,5,60,66
b,3,63,67
b,2,62,66
b,1,58,63
b,3,60,65
b,5,60,66
b,1,56,62
b,3,59,69
b,1,57,69
b,31,48,64
b,29,60,58
b,39,70,68
b,13,74,73
b,19,80,79
b,10,89,89
b,6,85,85
b,9,87,92
b,10,88,93
b,16,94,99
b,4,82,87
b,7,80,85
b,12,66,77
b,4,58,69
b,3,64,73
b,2,65,73
b,9,55,61
b,5,51,57
b,52,147,198
b,16,170,240
b,13,167,237
b,3,178,245
b,7,182,249
b,4,187,247
b,5,188,248
b,3,197,246
b,8,202,251
b,4,207,249
b,6,209,251
b,6,209,251
b,6,209,251
b,7,207,247
b,3,203,243
b,8,188,240
b,30,154,215
b,36,160,221
b,9,14,23
b,9,14,23
b,1,21,32
b,2,20,43
b,2,28,46
b,4,30,48
b,1,33,40
b,1,33,40
b,2,37,38
b,3,38,39
b,2,43,40
b,9,50,47
b,1,54,58
b,4,57,61
b,1,58,63
b,1,58,63
b,1,58,65
b,5,40,55
b,22,37,52
b,29,65,59
b,37,73,67
b,5,73,68
b,6,74,69
b,10,89,87
b,11,90,88
b,6,79,86
b,1,74,81
b,5,81,82
b,1,77,78
b,11,83,85
b,9,81,83
b,10,58,68
b,7,55,65
b,3,65,69
b,3,65,69
b,2,66,69
b,3,60,67
b,1,58,65
b,9,52,62
b,2,45,55
b,16,152,221
b,27,163,232
b,3,173,249
b,3,173,249
b,2,182,247
b,5,185,250
b,6,195,253
b,3,206,250
b,9,202,254
b,12,173,238
b,12,173,238
b,57,150,211
b,7,20,31
b,1,20,38
b,6,28,42
b,2,32,37
b,4,34,39
b,3,39,37
b,3,39,37
b,1,42,39
b,1,48,45
b,2,49,46
b,2,55,59
b,3,56,60
b,1,55,66
b,1,55,66
b,1,57,67
b,1,57,67
b,1,57,67
b,14,37,56
b,12,35,54
b,20,62,50
b,23,65,53
b,3,74,65
b,2,73,64
b,1,76,80
b,5,80,84
b,14,86,88
b,12,84,86
b,24,88,93
b,21,85,90
b,10,82,84
b,7,79,81
b,14,80,87
b,14,80,87
b,7,61,72
b,5,65,71
b,4,64,70
b,5,60,68
b,5,45,58
b,2,42,55
b,38,142,210
b,5,163,247
b,9,167,251
b,1,174,251
b,2,175,252
b,1,183,250
b,2,199,254
b,21,158,229
b,29,166,237
b,2,22,35
b,4,32,36
b,4,35,35
b,3,34,34
b,7,54,53
b,2,47,56
b,1,52,66
b,1,52,64
b,4,40,48
b,14,34,47
b,38,57,47
b,22,66,53
b,22,66,53
b,2,73,64
b,2,73,64
b,3,76,81
b,38,101,109
b,36,99,107
b,33,94,103
b,23,84,93
b,10,78,84
b,10,78,84
b,3,66,78
b,2,61,70
b,3,62,71
b,7,62,70
b,4,59,67
b,4,42,56
b,5,43,57
b,16,40,52
b,11,141,221
b,18,148,228
b,4,164,252
b,1,174,253
b,3,186,250
b,4,170,238
b,1,167,235
b,56,155,218
b,1,21,32
b,1,25,27
b,9,33,35
b,3,40,43
b,5,42,45
b,4,51,64
b,5,41,47
b,6,42,48
b,11,42,40
b,35,56,43
b,15,61,52
b,15,61,52
b,1,69,64
b,4,72,67
b,2,76,78
b,39,105,116
b,35,101,112
b,23,82,93
b,6,65,76
b,11,72,83
b,13,74,85
b,3,62,75
b,2,61,74
b,6,65,76
b,2,56,67
b,2,52,62
b,3,53,63
b,3,40,57
b,22,46,60
b,44,123,175
b,3,144,236
b,8,149,241
b,2,158,253
b,2,171,254
b,2,184,251
b,1,201,253
b,3,186,250
b,26,151,226
b,35,160,235
b,1,13,29
b,2,23,31
b,3,24,32
b,3,20,32
b,6,39,43
b,6,45,54
b,3,42,51
b,1,41,54
b,3,43,56
b,7,47,60
b,9,38,50
b,14,43,44
b,14,43,44
b,44,64,57
b,16,58,59
b,12,54,55
b,9,70,69
b,3,76,73
b,3,76,73
b,1,73,75
b,20,86,95
b,17,83,92
b,17,76,89
b,1,60,73
b,11,70,83
b,9,68,81
b,5,61,75
b,8,62,77
b,5,52,65
b,9,31,45
b,27,126,189
b,34,133,196
b,3,147,244
b,4,148,245
b,1,169,254
b,9,159,237
b,1,151,229
b,78,158,205
b,2,14,30
b,2,14,20
b,5,17,23
b,4,22,31
b,1,26,33
b,3,31,37
b,1,30,42
b,6,44,56
b,7,38,52
b,6,34,40
b,10,38,44
b,41,59,55
b,19,60,64
b,16,57,61
b,3,61,63
b,7,65,67
b,3,68,68
b,1,66,66
b,4,65,78
b,4,60,74
b,6,60,75
b,2,56,69
b,2,56,69
b,2,44,59
b,1,35,45
b,3,37,47
b,12,32,43
b,10,134,207
b,19,143,216
b,4,148,247
b,3,147,246
b,6,167,248
b,55,155,214
b,5,18,45
b,7,19,33
b,7,19,33
b,4,22,31
b,3,21,30
b,3,26,33
b,9,38,46
b,2,32,51
b,6,30,42
b,4,28,40
b,40,57,58
b,18,58,60
b,18,58,60
b,2,54,61
b,8,60,67
b,7,64,71
b,1,58,65
b,5,65,69
b,2,66,69
b,2,65,73
b,4,58,71
b,6,57,71
b,3,54,70
b,10,61,77
b,1,35,45
b,1,33,42
b,14,34,45
b,7,135,225
b,10,138,228
b,4,146,252
b,2,153,254
b,30,145,214
b,1,25,35
b,1,25,35
b,3,29,56
b,6,32,59
b,8,40,60
b,35,52,53
b,24,56,63
b,21,53,60
b,6,49,61
b,2,45,57
b,4,54,64
b,4,54,64
b,2,57,63
b,5,60,66
b,3,63,67
b,1,61,67
b,2,62,68
b,5,64,75
b,5,64,75
b,3,52,69
b,3,36,49
b,3,36,49
b,3,35,46
b,1,33,44
b,6,38,49
b,9,33,43
b,38,113,166
b,8,138,240
b,4,134,236
b,8,149,230
b,28,169,250
b,41,58,61
b,25,52,61
b,20,47,56
b,16,54,66
b,15,53,65
b,11,59,69
b,10,58,68
b,2,58,59
b,2,50,70
b,1,40,60
b,2,29,42
b,2,29,42
b,3,35,46
b,2,34,43
b,1,25,37
b,35,115,176
b,2,131,229
b,4,133,231
b,10,155,243
b,11,156,244
b,33,47,49
b,20,48,54
b,25,53,59
b,6,45,54
b,11,50,59
b,7,53,59
b,9,55,61
b,4,57,57
b,2,58,57
b,4,59,65
b,7,62,68
b,1,52,64
b,1,43,60
b,5,47,64
b,6,48,67
b,5,47,66
b,7,49,68
b,8,37,47
b,11,40,50
b,3,35,44
b,6,35,45
b,6,35,45
b,6,27,46
b,39,120,187
b,2,131,227
b,1,140,245
b,1,147,252
b,1,150,254
b,4,147,244
b,23,52,53
b,17,46,47
b,6,45,50
b,13,57,62
b,12,63,64
b,1,58,54
b,1,58,54
b,14,61,76
b,7,46,64
b,3,35,44
b,4,36,45
b,4,33,41
b,5,34,42
b,8,32,42
b,2,26,36
b,22,112,183
b,24,114,185
b,2,141,246
b,2,141,246
b,4,146,252
b,4,146,252
b,3,146,252
b,1,150,254
b,8,141,238
b,3,136,233
b,63,144,198
b,41,67,67
b,8,34,34
b,1,41,41
b,2,42,42
b,2,46,49
b,3,47,50
b,6,55,56
b,4,60,59
b,1,57,56
b,1,38,55
b,3,37,43
b,4,32,38
b,2,22,33
b,4,24,35
b,10,112,179
b,17,119,186
b,3,135,238
b,6,140,247
b,2,136,243
b,1,140,247
b,3,145,251
b,5,147,253
b,4,147,253
b,3,146,252
b,1,147,252
b,3,132,230
b,5,133,225
b,60,143,200
b,38,55,56
b,18,35,36
b,7,45,41
b,6,44,40
b,1,47,49
b,5,51,55
b,8,59,62
b,3,54,57
b,1,57,60
b,1,33,44
b,11,43,54
b,7,42,43
b,3,22,26
b,13,32,36
b,5,112,175
b,11,118,181
b,2,131,229
b,2,131,229
b,1,131,235
b,5,137,242
b,4,136,241
b,2,141,246
b,1,137,233
b,8,130,222
b,2,124,216
b,48,133,194
b,37,50,47
b,21,50,49
b,12,41,40
b,3,43,45
b,8,48,50
b,8,52,55
b,13,57,62
b,7,51,56
b,6,55,60
b,9,58,63
b,6,54,62
b,4,52,60
b,1,34,47
b,2,24,36
b,4,26,38
b,1,35,32
b,1,35,32
b,3,32,33
b,8,30,31
b,2,110,168
b,8,116,174
b,1,129,223
b,1,130,228
b,1,130,228
b,1,133,236
b,8,140,243
b,3,138,242
b,2,137,241
b,3,123,218
b,5,125,220
b,34,121,188
b,25,49,49
b,16,40,40
b,8,45,46
b,20,57,58
b,17,58,62
b,1,45,48
b,4,45,53
b,7,48,56
b,5,45,56
b,3,43,54
b,10,27,43
b,13,30,46
b,7,32,39
b,6,31,38
b,3,27,29
b,3,27,29
b,5,106,162
b,10,111,167
b,1,124,213
b,2,127,220
b,2,130,224
b,2,131,229
b,4,133,231
b,3,113,202
b,2,122,217
b,5,125,220
b,34,120,190
b,29,53,55
b,11,35,37
b,6,43,44
b,9,54,54
b,9,54,54
b,5,46,50
b,1,42,46
b,3,35,46
b,3,42,51
b,2,41,50
b,2,41,50
b,3,23,34
b,2,22,33
b,3,23,36
b,4,24,37
b,2,23,31
b,2,97,148
b,12,107,158
b,1,125,207
b,2,127,220
b,2,127,218
b,3,122,201
b,4,114,203
b,7,127,222
b,2,122,217
b,33,119,189
b,11,37,39
b,10,48,46
b,7,45,43
b,7,52,52
b,5,50,50
b,3,44,48
b,3,44,48
b,7,40,53
b,1,34,47
b,1,40,47
b,1,36,39
b,2,25,30
b,2,93,141
b,11,102,150
b,2,114,175
b,3,120,195
b,1,121,202
b,2,125,212
b,5,121,201
b,10,120,209
b,2,124,218
b,2,124,218
b,31,115,181
b,9,43,42
b,7,41,40
b,3,43,45
b,2,42,44
b,4,35,49
b,3,35,46
b,2,37,38
b,4,86,135
b,18,100,149
b,1,109,169
b,2,123,201
b,2,122,203
b,3,123,204
b,7,123,201
b,3,121,205
b,10,128,212
b,6,129,216
b,2,125,212
b,32,112,173
b,2,34,41
b,3,35,42
b,1,30,38
b,2,28,26
b,45,66,72
b,51,72,78
b,54,78,88
b,54,78,88
b,50,79,87
b,43,72,80
b,43,74,74
b,37,68,68
b,36,62,60
b,12,46,64
b,15,65,86
b,15,65,86
b,17,78,98
b,13,74,94
b,2,61,72
b,16,75,86
b,15,66,78
b,3,39,63
b,2,38,62
b,10,45,74
b,17,52,81
b,11,87,133
b,2,121,200
b,8,127,204
b,9,133,215
b,4,128,210
b,3,125,208
b,1,34,38
b,9,34,29
b,3,32,29
b,52,75,82
b,43,76,80
b,42,75,79
b,50,85,88
b,50,85,88
b,45,81,91
b,54,90,100
b,51,89,101
b,44,82,94
b,51,92,100
b,47,88,96
b,52,87,90
b,44,79,82
b,49,73,75
b,35,59,61
b,8,43,72
b,16,72,100
b,1,71,97
b,6,76,102
b,4,76,99
b,4,76,99
b,4,77,93
b,4,71,84
b,7,68,88
b,17,55,78
b,13,62,88
b,6,55,81
b,4,57,86
b,6,59,88
b,8,61,92
b,11,64,95
b,8,62,84
b,6,60,82
b,5,54,71
b,8,42,60
b,1,35,53
b,9,158,227
b,17,166,235
b,10,173,240
b,13,176,243
b,10,181,245
b,9,180,244
b,8,179,243
b,4,175,239
b,10,178,243
b,11,85,127
b,1,113,176
b,1,120,197
b,7,128,204
b,4,125,201
b,11,136,213
b,7,134,217
b,1,25,27
b,7,31,33
b,2,31,32
b,62,82,95
b,44,85,89
b,42,83,87
b,34,88,85
b,42,96,93
b,29,82,82
b,40,93,93
b,34,86,95
b,42,94,103
b,32,83,95
b,38,89,101
b,43,93,103
b,37,87,97
b,29,74,83
b,41,86,95
b,50,74,86
b,50,74,86
b,42,65,72
b,45,68,75
b,26,53,77
b,14,74,105
b,10,70,101
b,3,76,110
b,2,74,88
b,2,68,88
b,5,71,91
b,11,69,99
b,18,55,76
b,16,74,102
b,10,68,96
b,4,67,95
b,4,66,99
b,3,67,90
b,4,68,91
b,4,71,84
b,5,72,85
b,13,68,87
b,6,61,80
b,23,155,225
b,12,168,241
b,12,168,241
b,4,174,245
b,9,179,250
b,6,186,251
b,7,187,252
b,4,187,247
b,7,190,250
b,2,189,248
b,1,188,247
b,4,189,248
b,2,187,246
b,16,82,120
b,2,96,154
b,1,118,193
b,6,130,203
b,3,130,209
b,9,136,215
b,11,140,225
b,11,140,225
b,2,131,216
b,2,121,198
b,40,76,86
b,45,81,91
b,30,86,89
b,20,76,79
b,19,84,82
b,32,97,95
b,13,76,75
b,16,79,78
b,15,75,79
b,16,76,80
b,15,76,87
b,24,85,96
b,22,81,92
b,19,78,89
b,22,73,85
b,27,78,90
b,40,80,93
b,38,78,91
b,43,75,84
b,44,76,85
b,38,62,64
b,15,62,91
b,25,72,101
b,4,74,109
b,6,76,111
b,3,81,117
b,2,80,116
b,3,63,90
b,7,69,104
b,7,69,104
b,5,57,84
b,19,71,98
b,9,76,107
b,3,70,101
b,3,71,107
b,1,69,105
b,2,65,106
b,2,70,96
b,4,72,98
b,2,73,92
b,1,72,91
b,2,68,90
b,5,59,83
b,1,55,79
b,4,44,55
b,11,131,205
b,5,157,239
b,12,164,246
b,3,173,249
b,7,177,253
b,5,184,252
b,6,185,253
b,1,188,251
b,2,189,252
b,3,195,252
b,1,190,250
b,2,92,145
b,4,94,147
b,6,120,192
b,2,128,196
b,2,130,206
b,1,131,213
b,5,135,217
b,5,135,217
b,5,115,188
b,39,79,79
b,31,82,87
b,35,86,91
b,24,89,89
b,8,73,73
b,10,75,75
b,3,68,68
b,6,68,72
b,14,76,80
b,17,78,87
b,9,70,79
b,7,70,82
b,20,83,95
b,17,80,92
b,19,82,94
b,17,76,87
b,22,81,92
b,26,80,91
b,26,80,91
b,32,77,86
b,41,86,95
b,21,56,57
b,22,57,58
b,17,49,71
b,14,77,105
b,10,73,101
b,1,79,113
b,2,80,114
b,3,85,120
b,6,76,102
b,11,72,110
b,6,67,105
b,6,69,106
b,22,57,86
b,16,51,80
b,6,68,101
b,7,69,102
b,2,75,113
b,2,75,113
b,2,72,111
b,2,72,111
b,1,71,110
b,1,73,96
b,1,74,92
b,5,54,69
b,2,51,66
b,22,42,53
b,6,121,179
b,7,147,233
b,14,154,240
b,3,163,249
b,7,167,253
b,5,178,253
b,3,176,251
b,2,186,252
b,4,193,253
b,4,193,253
b,1,198,253
b,4,174,250
b,4,174,250
b,7,87,132
b,8,88,133
b,5,124,187
b,2,126,197
b,2,126,197
b,1,126,203
b,11,102,166
b,30,64,59
b,43,89,91
b,39,85,87
b,24,84,88
b,15,75,79
b,15,82,84
b,8,75,77
b,1,65,68
b,10,70,76
b,15,75,91
b,2,62,78
b,6,72,83
b,20,86,97
b,13,76,86
b,21,84,94
b,9,70,79
b,13,74,83
b,16,76,82
b,19,79,85
b,9,69,73
b,17,77,81
b,23,72,75
b,14,63,66
b,25,56,56
b,33,64,64
b,23,69,91
b,18,64,86
b,1,73,100
b,7,79,106
b,1,78,117
b,14,73,109
b,9,72,109
b,9,72,109
b,11,61,100
b,15,65,104
b,1,69,105
b,1,76,113
b,1,76,113
b,2,75,111
b,2,77,99
b,1,58,79
b,17,47,66
b,16,145,214
b,7,157,252
b,6,156,251
b,3,168,252
b,1,187,253
b,1,193,254
b,2,199,254
b,5,164,239
b,11,78,109
b,14,81,112
b,5,116,175
b,2,116,177
b,2,116,177
b,1,120,183
b,5,124,187
b,1,120,183
b,27,96,140
b,33,76,72
b,29,84,90
b,28,83,89
b,20,81,90
b,18,79,88
b,3,70,74
b,1,68,72
b,10,69,82
b,25,84,97
b,15,76,87
b,13,74,85
b,9,71,77
b,14,76,82
b,8,68,72
b,9,69,73
b,4,67,68
b,9,72,73
b,18,67,72
b,20,69,74
b,30,63,67
b,27,60,64
b,17,77,104
b,9,69,96
b,4,84,124
b,6,77,107
b,1,60,94
b,13,77,111
b,5,69,103
b,17,48,73
b,9,68,104
b,3,62,98
b,1,76,113
b,3,78,115
b,3,78,115
b,2,80,116
b,2,80,116
b,4,79,114
b,2,77,112
b,1,77,107
b,2,77,103
b,15,55,82
b,15,55,82
b,3,121,169
b,2,141,220
b,17,156,235
b,1,161,249
b,1,189,254
b,3,172,250
b,4,173,251
b,18,72,94
b,2,81,124
b,5,84,127
b,2,93,155
b,5,96,158
b,2,98,160
b,4,99,150
b,7,102,153
b,10,61,64
b,30,81,84
b,20,81,92
b,20,81,92
b,12,75,87
b,13,76,88
b,15,63,83
b,24,72,92
b,22,77,85
b,15,70,78
b,18,75,80
b,15,72,77
b,8,69,70
b,6,67,68
b,4,67,68
b,1,64,65
b,4,57,61
b,8,61,65
b,14,50,58
b,21,57,65
b,35,64,61
b,31,68,96
b,6,75,106
b,3,72,103
b,1,82,120
b,5,81,111
b,5,72,105
b,4,71,104
b,3,66,96
b,12,50,73
b,12,77,106
b,9,74,103
b,2,77,110
b,1,82,117
b,6,84,118
b,3,49,85
b,19,39,52
b,5,133,191
b,5,150,236
b,7,152,238
b,14,164,242
b,6,76,113
b,7,77,114
b,3,87,135
b,2,92,147
b,2,92,147
b,1,93,150
b,2,96,152
b,1,95,151
b,11,85,125
b,24,59,60
b,13,69,72
b,16,72,75
b,6,74,82
b,12,80,88
b,11,78,91
b,6,73,86
b,8,67,76
b,26,68,87
b,36,78,97
b,28,79,84
b,25,76,81
b,21,77,80
b,12,68,71
b,8,65,70
b,8,69,70
b,3,64,65
b,2,57,63
b,8,63,69
b,14,58,65
b,19,63,70
b,26,61,64
b,23,58,61
b,18,66,97
b,3,80,105
b,3,80,105
b,3,85,120
b,2,88,124
b,1,87,123
b,7,51,67
b,19,63,79
b,6,76,102
b,2,72,98
b,1,77,107
b,2,83,118
b,1,83,116
b,4,68,102
b,10,35,58
b,18,113,151
b,8,140,208
b,7,155,245
b,12,160,250
b,1,163,254
b,2,163,246
b,11,69,99
b,6,80,120
b,4,86,135
b,4,86,135
b,1,87,141
b,2,88,144
b,18,54,62
b,24,60,68
b,20,78,80
b,15,73,75
b,6,75,78
b,11,80,83
b,12,80,90
b,13,81,91
b,6,65,78
b,31,73,88
b,37,79,94
b,24,73,78
b,24,73,78
b,19,75,78
b,9,65,68
b,3,63,67
b,5,60,66
b,4,55,60
b,8,59,64
b,18,55,58
b,21,58,61
b,41,56,53
b,13,70,95
b,12,69,94
b,2,79,104
b,3,80,105
b,1,88,121
b,2,89,122
b,1,77,107
b,1,77,107
b,2,73,105
b,1,72,104
b,7,26,26
b,10,59,74
b,17,66,81
b,1,73,96
b,1,73,96
b,1,78,103
b,2,83,114
b,1,83,118
b,8,42,62
b,5,39,59
b,3,106,150
b,12,115,159
b,11,143,220
b,5,155,250
b,2,158,253
b,2,171,251
b,16,150,217
b,11,72,112
b,12,83,129
b,11,82,128
b,4,84,131
b,1,84,139
b,4,74,111
b,34,63,64
b,44,73,74
b,40,75,76
b,40,75,76
b,17,62,60
b,17,62,60
b,32,72,72
b,32,72,72
b,40,75,76
b,25,61,69
b,20,56,64
b,8,69,68
b,11,72,71
b,3,75,75
b,7,79,79
b,9,80,87
b,9,80,87
b,5,67,82
b,1,44,54
b,41,89,99
b,34,82,92
b,25,74,79
b,21,70,75
b,9,65,68
b,4,60,63
b,6,64,66
b,2,62,66
b,2,53,56
b,25,59,56
b,30,64,61
b,44,57,54
b,5,66,90
b,10,71,95
b,2,77,101
b,4,79,103
b,1,88,119
b,1,91,121
b,12,34,37
b,1,55,70
b,13,67,82
b,1,73,96
b,1,73,96
b,3,78,104
b,1,80,109
b,2,71,104
b,5,44,64
b,3,42,62
b,5,114,165
b,4,139,222
b,13,148,231
b,1,153,249
b,1,160,254
b,1,171,251
b,10,158,232
b,1,47,83
b,1,56,103
b,7,62,109
b,1,65,113
b,5,69,117
b,4,80,126
b,3,79,125
b,1,80,127
b,4,83,135
b,4,82,134
b,2,80,132
b,38,61,55
b,45,75,80
b,45,75,80
b,28,72,79
b,40,84,91
b,37,88,93
b,35,86,91
b,32,90,92
b,29,87,89
b,35,85,93
b,35,85,93
b,37,80,90
b,30,73,83
b,40,74,82
b,40,74,82
b,35,67,74
b,31,63,70
b,6,67,66
b,5,66,65
b,8,80,80
b,7,80,87
b,6,79,86
b,13,81,91
b,3,71,81
b,4,67,68
b,18,81,82
b,23,78,84
b,26,81,87
b,22,74,81
b,21,73,80
b,9,64,70
b,7,62,68
b,1,58,63
b,9,56,55
b,16,63,62
b,38,62,64
b,37,61,63
b,48,58,61
b,16,58,77
b,4,70,90
b,1,84,112
b,2,88,115
b,6,28,40
b,22,44,56
b,3,60,83
b,11,68,91
b,1,73,100
b,3,81,113
b,1,83,118
b,1,83,118
b,2,46,64
b,26,43,46
b,28,98,133
b,6,143,232
b,2,154,250
b,1,169,254
b,6,161,237
b,8,57,103
b,11,71,116
b,8,68,113
b,6,73,118
b,2,69,114
b,2,70,117
b,7,75,124
b,3,69,121
b,3,68,113
b,29,48,36
b,38,57,45
b,33,64,64
b,39,70,70
b,28,71,83
b,31,74,86
b,32,83,95
b,32,83,95
b,29,83,94
b,26,80,91
b,17,85,93
b,17,85,93
b,27,86,99
b,38,97,110
b,37,81,97
b,34,78,94
b,38,74,82
b,42,78,86
b,48,73,78
b,44,69,74
b,47,69,70
b,47,54,62
b,29,62,64
b,27,60,62
b,2,65,64
b,7,70,69
b,3,74,79
b,11,82,87
b,15,87,99
b,7,79,91
b,6,79,86
b,6,79,86
b,6,80,80
b,20,94,94
b,26,99,96
b,24,97,94
b,22,95,92
b,15,88,85
b,16,79,80
b,14,77,78
b,5,60,66
b,5,60,66
b,4,61,66
b,4,61,66
b,1,63,67
b,8,61,61
b,7,60,60
b,22,62,62
b,16,56,56
b,16,37,43
b,16,37,43
b,29,41,47
b,37,49,55
b,15,63,83
b,3,72,91
b,3,80,101
b,4,81,102
b,1,88,110
b,1,89,115
b,5,92,123
b,1,91,123
b,1,89,115
b,1,90,111
b,10,99,120
b,13,96,124
b,12,40,57
b,7,68,92
b,3,64,84
b,13,54,76
b,14,32,30
b,25,98,134
b,3,123,179
b,5,147,236
b,3,152,254
b,2,159,243
b,1,41,83
b,7,57,96
b,9,59,98
b,6,61,98
b,3,58,95
b,5,58,105
b,39,53,42
b,21,58,49
b,16,53,44
b,21,74,76
b,32,85,87
b,29,85,95
b,28,84,94
b,21,72,88
b,36,87,103
b,30,89,102
b,29,88,101
b,15,90,98
b,15,90,98
b,26,93,106
b,36,103,116
b,37,88,104
b,35,86,102
b,36,77,85
b,42,83,91
b,49,84,85
b,50,85,86
b,55,86,86
b,46,77,77
b,42,54,58
b,19,56,57
b,22,59,60
b,4,66,70
b,4,66,70
b,6,73,86
b,3,70,83
b,5,78,83
b,5,78,83
b,1,77,76
b,2,78,77
b,6,82,81
b,21,97,96
b,7,83,82
b,1,77,76
b,14,77,78
b,8,71,72
b,6,63,68
b,3,60,65
b,5,65,69
b,9,69,73
b,5,66,67
b,2,63,64
b,17,55,49
b,5,43,37
b,10,39,38
b,10,39,38
b,24,38,44
b,36,50,56
b,13,63,84
b,1,70,91
b,2,71,92
b,4,81,104
b,2,79,102
b,1,88,117
b,3,90,112
b,10,97,119
b,16,99,125
b,1,55,79
b,5,37,55
b,23,55,73
b,1,60,85
b,6,65,90
b,2,73,105
b,1,59,89
b,10,53,63
b,9,29,24
b,36,117,152
b,22,103,138
b,11,135,194
b,3,143,233
b,2,142,232
b,1,147,252
b,3,149,254
b,1,157,254
b,1,153,247
b,6,132,191
b,31,47,36
b,35,66,52
b,31,62,48
b,19,77,66
b,19,77,66
b,12,82,78
b,18,88,84
b,14,83,86
b,28,97,100
b,34,93,106
b,33,92,105
b,16,77,90
b,27,88,101
b,10,88,95
b,9,87,94
b,7,80,89
b,27,100,109
b,19,73,88
b,32,86,101
b,36,81,90
b,41,86,95
b,44,86,85
b,36,78,77
b,39,79,79
b,33,73,73
b,34,66,75
b,32,64,73
b,42,56,60
b,16,61,61
b,12,57,57
b,6,66,72
b,3,76,73
b,9,82,79
b,1,77,78
b,5,81,82
b,20,80,84
b,4,62,64
b,3,61,63
b,3,63,67
b,1,62,63
b,3,54,43
b,3,54,43
b,3,42,31
b,7,46,35
b,13,45,36
b,12,44,35
b,32,51,51
b,28,47,47
b,10,60,81
b,2,68,90
b,4,70,92
b,2,79,104
b,1,83,114
b,1,83,109
b,7,89,115
b,7,90,113
b,1,70,91
b,2,71,92
b,8,40,58
b,26,58,76
b,7,60,89
b,3,56,85
b,3,70,103
b,7,74,107
b,4,77,113
b,5,78,114
b,2,53,85
b,3,61,91
b,4,45,51
b,8,30,29
b,19,111,145
b,15,107,141
b,6,131,197
b,2,142,232
b,3,143,233
b,2,145,249
b,2,152,249
b,9,136,199
b,39,69,59
b,23,53,43
b,37,90,79
b,31,84,73
b,5,76,65
b,10,81,70
b,8,83,76
b,12,87,80
b,20,95,92
b,16,91,88
b,20,86,93
b,26,92,99
b,16,87,96
b,24,95,104
b,8,83,91
b,7,82,90
b,10,81,90
b,14,85,94
b,26,82,94
b,26,82,94
b,29,81,88
b,35,87,94
b,37,83,87
b,33,79,83
b,35,79,82
b,37,81,84
b,32,73,79
b,31,72,78
b,39,65,83
b,34,58,58
b,24,48,48
b,12,59,58
b,9,56,55
b,2,62,68
b,5,71,80
b,7,75,74
b,25,93,92
b,22,97,94
b,10,85,82
b,2,75,80
b,3,75,77
b,3,61,61
b,1,56,62
b,9,51,41
b,11,53,43
b,7,42,30
b,9,44,32
b,11,43,32
b,10,42,31
b,8,35,26
b,32,59,50
b,42,57,52
b,9,59,78
b,2,68,88
b,2,81,108
b,2,82,106
b,1,81,105
b,1,80,107
b,1,35,53
b,7,41,59
b,1,57,87
b,1,78,117
b,1,78,117
b,1,77,121
b,3,75,118
b,20,51,88
b,1,59,89
b,1,42,46
b,15,39,37
b,5,105,145
b,10,110,150
b,1,126,201
b,4,136,237
b,5,137,238
b,1,147,254
b,3,149,252
b,16,139,205
b,43,57,59
b,31,65,60
b,31,65,60
b,20,84,76
b,13,77,69
b,1,79,68
b,2,80,69
b,2,80,69
b,17,90,85
b,17,90,85
b,24,92,98
b,28,96,102
b,9,84,88
b,3,81,86
b,11,82,87
b,19,90,95
b,32,93,102
b,18,79,88
b,23,83,89
b,27,87,93
b,35,87,94
b,22,74,81
b,26,75,80
b,28,77,82
b,34,79,88
b,29,74,83
b,33,70,87
b,29,66,83
b,24,55,51
b,20,51,47
b,9,58,59
b,6,55,56
b,6,63,68
b,1,58,63
b,3,66,74
b,10,72,76
b,21,83,87
b,29,98,101
b,17,86,89
b,3,69,80
b,2,65,77
b,1,59,59
b,1,56,62
b,3,53,51
b,18,47,44
b,19,48,45
b,16,41,34
b,13,38,31
b,9,42,27
b,9,42,27
b,7,35,22
b,15,43,30
b,47,61,50
b,8,58,77
b,2,68,86
b,2,68,86
b,1,77,107
b,2,51,77
b,5,44,60
b,2,58,88
b,3,76,114
b,1,75,115
b,4,55,96
b,16,51,84
b,1,59,89
b,10,34,32
b,46,107,129
b,6,113,162
b,5,127,210
b,4,134,236
b,2,132,234
b,3,143,245
b,1,141,243
b,2,145,249
b,4,134,240
b,1,140,247
b,1,143,247
b,6,148,252
b,15,133,201
b,38,57,59
b,44,63,65
b,31,68,69
b,25,62,63
b,15,79,82
b,9,73,76
b,1,78,74
b,2,79,75
b,11,88,84
b,20,87,91
b,14,81,85
b,19,86,90
b,10,77,81
b,6,80,82
b,6,82,83
b,6,82,83
b,14,87,92
b,13,79,86
b,12,78,85
b,11,77,84
b,12,78,85
b,14,75,84
b,11,72,81
b,27,78,90
b,29,80,92
b,31,78,91
b,33,80,93
b,28,72,86
b,19,63,77
b,29,60,74
b,18,49,45
b,22,53,49
b,9,54,54
b,10,55,55
b,1,56,62
b,6,61,67
b,3,62,71
b,3,62,71
b,8,69,78
b,4,66,72
b,1,65,70
b,3,61,77
b,1,58,63
b,1,58,63
b,1,54,58
b,1,46,55
b,7,52,61
b,20,56,62
b,3,39,45
b,4,29,34
b,15,40,45
b,18,35,38
b,13,30,33
b,2,28,26
b,12,38,36
b,9,36,29
b,13,40,33
b,27,43,32
b,9,58,75
b,1,65,84
b,4,68,87
b,5,81,109
b,3,50,77
b,8,50,67
b,6,48,65
b,1,57,85
b,4,60,88
b,2,71,102
b,4,53,95
b,9,49,76
b,1,59,89
b,1,44,54
b,2,28,26
b,31,99,127
b,9,117,173
b,3,129,234
b,2,136,243
b,1,140,245
b,2,145,251
b,3,146,252
b,2,151,253
b,1,150,252
b,2,142,242
b,1,123,219
b,3,137,244
b,8,146,249
b,4,142,245
b,9,125,187
b,33,58,63
b,37,62,67
b,20,64,67
b,21,65,68
b,11,78,82
b,4,71,75
b,1,74,81
b,24,87,95
b,15,78,86
b,17,81,86
b,24,88,93
b,14,84,82
b,11,81,79
b,5,79,79
b,1,75,75
b,18,90,92
b,10,76,83
b,5,71,78
b,3,71,77
b,4,70,77
b,4,70,77
b,7,64,71
b,13,70,77
b,10,60,70
b,16,66,76
b,28,77,92
b,11,60,75
b,18,53,68
b,22,56,53
b,23,57,54
b,13,57,60
b,7,56,69
b,10,59,72
b,5,61,71
b,1,47,51
b,2,43,49
b,8,49,55
b,12,48,56
b,11,47,55
b,3,36,40
b,4,37,41
b,9,37,43
b,12,40,46
b,13,35,45
b,11,33,43
b,6,30,32
b,7,31,33
b,16,42,42
b,11,37,37
b,27,45,41
b,16,63,78
b,1,65,84
b,1,71,106
b,6,43,64
b,15,52,73
b,5,58,89
b,5,58,89
b,1,64,94
b,3,60,97
b,1,26,33
b,11,56,81
b,1,61,90
b,1,61,90
b,4,58,82
b,1,55,79
b,3,43,56
b,1,25,25
b,31,100,133
b,4,115,170
b,7,118,173
b,1,129,233
b,6,134,238
b,2,136,243
b,4,146,250
b,3,149,252
b,2,148,251
b,2,148,253
b,7,138,234
b,4,108,206
b,3,131,237
b,3,138,240
b,2,118,180
b,32,59,52
b,31,64,68
b,35,68,72
b,23,74,79
b,17,68,73
b,4,72,78
b,2,69,82
b,7,73,82
b,8,75,77
b,11,78,80
b,5,78,75
b,5,78,75
b,1,74,71
b,1,74,71
b,2,74,74
b,15,87,87
b,11,78,82
b,3,72,73
b,4,71,73
b,4,67,68
b,8,71,72
b,10,67,72
b,13,70,75
b,18,72,83
b,15,69,80
b,11,55,69
b,11,55,69
b,17,51,50
b,14,48,47
b,20,64,82
b,12,56,74
b,6,57,69
b,1,58,65
b,1,64,65
b,4,49,58
b,4,45,49
b,3,44,48
b,1,37,43
b,4,40,46
b,6,38,45
b,10,42,49
b,3,36,38
b,6,39,41
b,11,44,48
b,4,37,41
b,9,36,45
b,7,34,43
b,9,32,39
b,7,30,37
b,3,24,30
b,12,33,39
b,35,54,54
b,17,54,71
b,2,62,80
b,3,63,81
b,2,68,90
b,2,68,104
b,2,68,104
b,1,69,105
b,2,42,69
b,7,37,58
b,1,49,80
b,2,69,100
b,2,69,100
b,8,47,65
b,4,58,84
b,7,61,87
b,7,41,51
b,31,104,138
b,5,118,172
b,8,121,175
b,1,128,227
b,1,131,233
b,6,141,243
b,5,144,249
b,5,144,249
b,4,146,250
b,3,145,249
b,3,124,214
b,2,99,195
b,4,130,237
b,1,135,244
b,4,134,238
b,2,115,185
b,29,65,59
b,27,63,57
b,20,64,69
b,29,73,78
b,18,81,82
b,4,67,68
b,1,73,73
b,5,71,78
b,4,72,71
b,4,72,71
b,3,73,69
b,2,65,62
b,3,66,63
b,7,71,65
b,6,70,64
b,1,59,61
b,5,53,63
b,6,54,64
b,34,56,70
b,24,51,60
b,21,48,57
b,7,46,62
b,9,48,64
b,13,55,74
b,1,50,63
b,1,62,61
b,2,63,62
b,5,46,52
b,4,41,44
b,6,37,37
b,11,42,42
b,6,36,41
b,4,34,39
b,4,26,38
b,9,31,43
b,10,26,34
b,7,23,31
b,4,24,35
b,34,52,59
b,1,57,71
b,5,61,75
b,2,66,100
b,1,67,105
b,1,73,96
b,3,24,43
b,1,56,91
b,2,59,96
b,1,68,99
b,1,59,87
b,4,62,90
b,1,60,85
b,4,50,70
b,33,104,134
b,5,117,169
b,7,119,171
b,1,123,217
b,2,130,224
b,2,131,227
b,1,136,236
b,2,137,237
b,2,140,243
b,1,140,245
b,2,140,243
b,3,113,198
b,7,130,238
b,5,135,239
b,5,113,187
b,26,65,56
b,28,67,58
b,18,75,71
b,18,75,71
b,6,71,71
b,6,71,71
b,2,71,72
b,3,69,76
b,7,73,80
b,7,76,77
b,2,71,72
b,2,72,70
b,3,71,68
b,4,67,64
b,4,63,56
b,2,64,56
b,4,67,56
b,5,68,57
b,4,65,62
b,3,64,61
b,3,56,60
b,8,61,65
b,11,37,53
b,38,60,74
b,22,44,58
b,4,39,54
b,8,43,58
b,5,47,62
b,4,51,64
b,4,60,63
b,2,50,60
b,13,44,44
b,11,42,42
b,12,33,41
b,4,25,33
b,4,24,37
b,16,29,40
b,15,28,39
b,10,29,33
b,6,25,29
b,28,45,48
b,8,57,72
b,1,60,96
b,2,70,94
b,9,54,81
b,9,54,81
b,3,56,89
b,7,70,100
b,5,65,92
b,5,62,87
b,1,58,83
b,2,41,61
b,4,26,40
b,36,101,126
b,2,114,166
b,7,119,171
b,2,128,216
b,9,139,232
b,6,136,229
b,1,133,234
b,4,136,237
b,1,136,240
b,1,133,234
b,5,99,193
b,7,133,240
b,7,136,234
b,4,113,182
b,35,59,45
b,19,62,54
b,21,64,56
b,3,69,60
b,9,75,66
b,6,74,71
b,1,69,66
b,3,70,72
b,6,76,72
b,4,74,70
b,2,72,68
b,3,61,59
b,1,55,52
b,3,57,54
b,4,63,58
b,1,60,55
b,2,64,58
b,9,71,63
b,12,74,66
b,8,66,64
b,1,59,57
b,1,57,60
b,2,58,61
b,2,34,45
b,9,41,52
b,18,34,53
b,21,37,56
b,5,38,53
b,13,46,61
b,1,50,63
b,1,43,44
b,14,43,42
b,3,32,31
b,12,30,39
b,4,22,31
b,6,30,42
b,6,30,42
b,5,25,36
b,7,27,38
b,13,27,33
b,20,34,40
b,38,48,51
b,11,55,71
b,5,65,92
b,1,61,88
b,3,64,86
b,9,53,71
b,2,46,64
b,1,52,84
b,1,59,89
b,1,59,89
b,1,61,90
b,2,62,89
b,3,63,90
b,6,55,81
b,3,20,36
b,40,104,125
b,6,118,168
b,4,127,216
b,3,131,225
b,2,130,224
b,3,132,228
b,6,135,231
b,16,115,212
b,7,134,247
b,3,130,227
b,1,109,169
b,37,53,42
b,24,62,56
b,21,59,53
b,6,68,62
b,16,78,72
b,4,67,68
b,4,72,69
b,4,72,69
b,5,75,69
b,6,62,63
b,5,61,62
b,5,54,57
b,7,56,59
b,7,58,61
b,4,55,58
b,4,57,59
b,2,54,61
b,6,55,60
b,7,56,61
b,9,38,48
b,18,47,57
b,28,40,56
b,11,35,49
b,19,43,57
b,1,42,50
b,1,42,50
b,2,50,58
b,2,46,60
b,4,48,62
b,3,45,44
b,5,47,46
b,12,39,34
b,7,34,29
b,7,28,34
b,2,23,29
b,7,31,43
b,7,29,41
b,14,21,27
b,26,33,39
b,2,41,59
b,2,51,75
b,1,52,82
b,1,54,74
b,3,37,57
b,4,40,50
b,4,51,76
b,2,60,88
b,5,62,87
b,1,41,70
b,1,31,52
b,37,101,122
b,3,110,159
b,8,115,164
b,1,121,204
b,3,122,210
b,1,120,208
b,1,128,225
b,3,132,228
b,4,133,229
b,11,122,230
b,1,131,248
b,44,61,47
b,31,63,56
b,25,57,50
b,4,59,51
b,22,77,69
b,4,62,64
b,4,62,64
b,4,64,68
b,3,65,69
b,1,63,67
b,1,66,64
b,2,67,65
b,1,69,68
b,4,72,71
b,11,59,67
b,3,51,59
b,1,50,63
b,11,50,57
b,16,55,62
b,14,46,53
b,15,47,54
b,34,38,50
b,16,38,48
b,17,39,49
b,8,44,54
b,3,39,49
b,2,45,55
b,5,37,57
b,7,46,62
b,1,42,46
b,2,43,47
b,1,44,40
b,9,36,29
b,6,33,26
b,7,31,31
b,4,28,28
b,5,33,39
b,4,27,32
b,9,32,37
b,14,16,24
b,31,33,41
b,2,47,72
b,1,49,80
b,6,48,74
b,4,48,64
b,1,54,83
b,2,59,82
b,5,59,85
b,6,32,50
b,9,111,160
b,9,111,160
b,2,120,206
b,1,121,206
b,3,128,221
b,4,133,229
b,1,130,226
b,5,123,207
b,2,90,132
b,45,62,48
b,40,57,43
b,26,58,47
b,25,57,46
b,3,58,50
b,2,57,49
b,4,62,62
b,3,63,69
b,5,62,69
b,8,66,68
b,12,70,72
b,3,61,63
b,2,65,64
b,3,66,65
b,7,72,72
b,15,80,80
b,11,72,73
b,4,65,66
b,3,52,57
b,7,46,62
b,2,41,57
b,12,51,60
b,16,55,64
b,13,47,53
b,6,40,46
b,35,51,61
b,26,25,34
b,20,43,48
b,17,40,45
b,2,41,48
b,1,44,54
b,8,44,54
b,1,36,49
b,1,41,41
b,3,32,33
b,2,31,32
b,1,27,29
b,4,29,34
b,2,27,32
b,2,26,28
b,13,12,21
b,51,50,59
b,3,38,67
b,3,38,67
b,1,43,71
b,4,37,64
b,1,44,67
b,4,47,70
b,6,46,73
b,1,37,47
b,5,41,51
b,3,50,77
b,1,48,75
b,1,54,74
b,1,50,74
b,1,31,52
b,9,108,151
b,8,107,150
b,1,119,201
b,2,120,204
b,7,129,221
b,7,136,234
b,3,132,230
b,4,132,236
b,3,131,235
b,2,130,234
b,13,141,245
b,2,139,247
b,3,140,248
b,3,134,246
b,19,94,131
b,37,58,45
b,27,48,35
b,22,57,47
b,22,57,47
b,3,55,51
b,5,57,53
b,9,62,66
b,11,64,68
b,11,67,70
b,3,61,61
b,5,63,63
b,20,78,78
b,20,78,78
b,22,74,81
b,14,66,73
b,16,69,73
b,11,64,68
b,2,51,56
b,3,36,51
b,3,36,51
b,2,43,49
b,7,48,54
b,12,49,52
b,12,49,52
b,31,52,58
b,21,42,48
b,21,42,48
b,5,45,47
b,2,42,44
b,2,46,51
b,9,38,48
b,22,51,61
b,18,49,63
b,5,40,55
b,1,36,51
b,4,43,48
b,4,39,52
b,7,34,43
b,7,34,43
b,2,25,30
b,2,25,30
b,20,19,28
b,3,28,62
b,1,33,67
b,1,32,59
b,5,36,63
b,5,48,71
b,12,48,74
b,5,31,49
b,6,49,70
b,2,45,68
b,4,97,133
b,12,105,141
b,1,115,191
b,5,123,216
b,2,128,231
b,4,133,244
b,11,140,251
b,10,141,251
b,7,144,254
b,1,123,208
b,37,99,134
b,40,67,58
b,29,56,47
b,11,49,45
b,11,49,45
b,1,52,55
b,5,56,59
b,3,61,63
b,3,61,63
b,13,70,75
b,34,86,93
b,34,86,93
b,25,77,84
b,8,60,67
b,4,56,63
b,6,62,65
b,5,61,64
b,14,70,73
b,12,68,71
b,14,62,72
b,5,49,54
b,12,53,57
b,1,42,46
b,4,45,51
b,3,44,50
b,5,46,52
b,8,48,50
b,8,48,50
b,18,41,46
b,31,42,53
b,25,36,47
b,6,38,45
b,2,34,41
b,2,41,46
b,2,32,37
b,6,35,45
b,18,47,57
b,6,33,46
b,3,30,43
b,14,40,56
b,7,33,49
b,4,32,49
b,1,33,44
b,2,33,47
b,4,26,27
b,22,34,38
b,45,44,51
b,4,30,59
b,3,29,58
b,7,38,65
b,8,46,71
b,7,45,70
b,3,34,50
b,3,39,63
b,3,39,63
b,2,35,48
b,1,40,60
b,3,42,62
b,2,27,59
b,19,101,132
b,2,108,160
b,2,120,206
b,5,130,225
b,7,137,243
b,7,138,248
b,3,137,248
b,1,135,242
b,2,97,148
b,27,56,53
b,28,57,54
b,9,49,49
b,3,43,43
b,5,54,59
b,3,60,65
b,1,58,63
b,5,66,67
b,12,67,73
b,20,75,81
b,35,85,95
b,8,58,68
b,9,60,72
b,8,59,71
b,10,62,71
b,10,58,68
b,4,46,47
b,14,56,55
b,1,43,42
b,4,46,45
b,1,39,37
b,5,43,41
b,28,54,54
b,35,41,54
b,29,35,48
b,13,36,43
b,7,30,37
b,3,33,38
b,5,35,40
b,5,30,35
b,11,36,41
b,13,37,37
b,10,34,34
b,3,36,40
b,4,37,41
b,4,26,40
b,14,36,50
b,14,30,49
b,6,22,41
b,2,23,42
b,6,27,46
b,2,27,48
b,4,27,21
b,7,15,14
b,27,35,34
b,46,45,47
b,5,23,50
b,3,29,56
b,15,49,67
b,7,41,63
b,11,45,67
b,3,37,59
b,10,37,59
b,13,40,62
b,1,19,44
b,3,24,43
b,20,83,109
b,4,106,150
b,4,116,193
b,1,123,208
b,1,129,223
b,3,131,225
b,3,131,233
b,2,132,236
b,8,91,135
b,8,91,135
b,27,58,56
b,19,50,48
b,9,49,51
b,5,45,47
b,4,55,67
b,4,55,67
b,4,62,64
b,7,65,67
b,8,64,67
b,18,70,77
b,5,54,69
b,4,53,68
b,2,51,68
b,1,50,67
b,13,57,71
b,13,57,71
b,3,44,48
b,2,43,47
b,12,55,51
b,7,50,46
b,2,42,44
b,2,43,38
b,2,43,38
b,4,45,42
b,3,41,35
b,23,55,46
b,23,32,42
b,18,34,42
b,22,38,46
b,19,41,44
b,14,36,39
b,4,28,30
b,9,33,35
b,7,36,35
b,6,35,34
b,2,34,41
b,5,25,40
b,12,32,47
b,9,31,43
b,10,32,44
b,4,29,50
b,7,18,41
b,8,19,42
b,9,30,47
b,11,32,49
b,2,21,25
b,2,21,21
b,3,22,22
b,21,30,23
b,29,38,31
b,10,38,53
b,8,38,57
b,1,31,50
b,7,41,61
b,6,41,56
b,4,31,53
b,3,28,53
b,5,28,47
b,7,19,37
b,3,94,137
b,7,98,141
b,7,121,193
b,7,129,210
b,7,132,223
b,5,130,221
b,2,130,222
b,21,91,126
b,29,59,62
b,17,47,50
b,10,51,55
b,1,42,46
b,3,53,63
b,2,54,61
b,8,60,67
b,1,57,58
b,2,51,68
b,6,49,59
b,12,53,59
b,1,43,44
b,5,45,47
b,1,41,43
b,3,39,37
b,6,42,38
b,1,38,25
b,7,44,31
b,4,39,27
b,25,36,45
b,37,48,57
b,22,36,38
b,10,24,26
b,3,27,29
b,11,35,37
b,1,32,30
b,3,34,32
b,2,30,36
b,7,34,45
b,11,42,56
b,12,26,46
b,10,24,44
b,8,19,30
b,12,23,34
b,5,23,30
b,4,22,29
b,3,17,21
b,3,17,21
b,1,18,19
b,3,18,17
b,8,23,22
b,22,30,17
b,3,24,41
b,4,25,42
b,17,42,67
b,8,32,44
b,5,88,130
b,9,92,134
b,4,117,187
b,4,121,196
b,1,118,193
b,31,92,116
b,17,181,229
b,16,190,239
b,17,191,240
b,15,190,239
b,12,187,236
b,5,179,228
b,13,159,211
b,8,154,206
b,27,57,62
b,17,47,52
b,1,40,45
b,5,44,49
b,5,51,57
b,1,52,57
b,11,58,75
b,3,50,67
b,2,47,58
b,4,46,47
b,5,40,43
b,3,38,41
b,6,41,42
b,4,33,32
b,9,38,37
b,2,35,20
b,10,43,28
b,20,47,38
b,24,36,42
b,12,26,28
b,7,21,23
b,12,31,31
b,14,33,33
b,2,28,26
b,4,30,28
b,6,29,34
b,4,27,32
b,4,28,40
b,4,30,46
b,4,36,47
b,4,20,39
b,10,26,45
b,4,10,21
b,11,17,28
b,4,21,24
b,2,17,16
b,1,19,17
b,1,19,17
b,8,18,21
b,2,12,15
b,18,88,125
b,1,105,173
b,6,90,113
b,7,91,114
b,13,193,245
b,19,199,251
b,12,203,251
b,10,201,249
b,7,204,250
b,10,207,253
b,16,203,254
b,7,194,245
b,11,170,224
b,1,160,214
b,26,139,193
b,31,52,60
b,18,39,47
b,2,35,39
b,6,39,43
b,13,50,53
b,1,44,56
b,2,45,57
b,3,43,54
b,2,46,49
b,7,51,54
b,4,45,42
b,1,42,39
b,8,44,52
b,3,38,53
b,3,40,41
b,1,38,39
b,5,43,41
b,1,39,37
b,2,36,35
b,7,41,40
b,16,38,37
b,11,33,32
b,9,33,21
b,9,33,21
b,8,33,24
b,31,45,49
b,21,34,33
b,15,28,27
b,8,22,26
b,9,23,27
b,11,21,24
b,8,18,21
b,4,23,23
b,4,23,23
b,1,25,35
b,1,9,24
b,3,11,26
b,4,20,28
b,1,17,25
b,1,18,19
b,1,16,15
b,5,20,19
b,16,19,20
b,17,20,21
b,1,92,133
b,1,97,157
b,5,78,94
b,12,196,251
b,8,192,247
b,7,206,253
b,4,207,251
b,6,209,253
b,2,200,250
b,2,200,250
b,8,198,251
b,5,195,248
b,15,180,239
b,4,169,228
b,23,139,199
b,27,44,49
b,20,37,42
b,11,36,41
b,12,37,42
b,2,35,39
b,16,49,53
b,6,42,50
b,12,48,56
b,2,40,52
b,3,41,53
b,4,41,60
b,2,39,58
b,1,44,65
b,1,44,65
b,4,43,48
b,10,47,50
b,13,48,61
b,3,36,51
b,3,37,43
b,5,39,45
b,2,35,37
b,3,36,38
b,3,31,35
b,4,32,36
b,10,29,31
b,10,29,31
b,14,33,23
b,7,26,16
b,10,25,22
b,24,32,29
b,15,22,28
b,14,21,27
b,15,25,28
b,11,21,24
b,5,19,21
b,3,17,19
b,3,26,31
b,3,19,40
b,4,12,38
b,4,12,38
b,3,19,27
b,3,19,27
b,13,21,22
b,24,32,33
b,12,87,122
b,4,94,140
b,4,94,140
b,5,185,248
b,9,203,252
b,8,202,251
b,3,212,254
b,3,209,254
b,7,194,253
b,7,192,251
b,9,194,253
b,9,170,233
b,24,38,42
b,24,43,47
b,26,45,49
b,9,33,33
b,14,38,38
b,10,42,49
b,1,36,49
b,9,46,65
b,1,38,57
b,4,41,62
b,1,35,41
b,3,32,44
b,3,32,44
b,2,27,34
b,5,30,37
b,8,30,40
b,6,28,38
b,9,28,30
b,9,28,30
b,13,32,20
b,13,32,20
b,8,16,17
b,13,21,22
b,6,23,24
b,10,27,28
b,10,24,28
b,7,21,25
b,5,24,28
b,3,22,26
b,1,23,24
b,1,23,24
b,2,24,23
b,1,10,43
b,1,16,31
b,1,16,31
b,3,18,33
b,24,22,29
b,1,81,121
b,1,86,131
b,11,182,248
b,1,188,247
b,4,207,253
b,4,187,251
b,13,163,225
b,3,17,19
b,9,31,32
b,3,25,26
b,12,19,25
b,14,21,27
b,8,31,38
b,6,29,36
b,5,39,49
b,6,41,56
b,15,50,65
b,11,48,69
b,1,43,62
b,5,30,53
b,4,23,41
b,2,21,39
b,4,22,29
b,11,29,36
b,4,29,22
b,2,27,20
b,12,33,20
b,13,34,21
b,12,19,23
b,7,20,19
b,2,15,14
b,1,10,22
b,5,17,23
b,5,17,23
b,2,23,12
b,2,23,12
b,4,22,16
b,3,19,38
b,2,18,37
b,3,19,29
b,1,13,27
b,10,22,36
b,9,72,109
b,1,81,121
b,5,85,125
b,4,73,117
b,10,70,97
b,1,184,248
b,2,194,253
b,4,188,254
b,10,190,253
b,3,183,246
b,15,141,200
b,7,29,28
b,8,34,32
b,4,30,28
b,11,18,22
b,11,18,22
b,6,25,29
b,17,36,40
b,1,36,37
b,3,41,64
b,1,35,45
b,1,37,43
b,12,34,33
b,9,31,30
b,1,27,12
b,8,28,13
b,21,41,26
b,2,11,23
b,3,12,24
b,6,11,18
b,4,9,16
b,1,15,6
b,2,16,7
b,10,21,17
b,2,13,9
b,1,17,27
b,4,20,28
b,3,21,19
b,6,69,108
b,5,74,116
b,8,77,119
b,1,75,115
b,8,174,251
b,5,187,254
b,1,220,254
b,4,188,254
b,15,171,231
b,8,40,33
b,5,37,30
b,7,24,29
b,5,22,27
b,8,30,31
b,7,45,39
b,3,41,35
b,5,41,49
b,1,40,49
b,1,40,49
b,3,35,42
b,3,31,46
b,1,25,35
b,7,26,26
b,7,31,19
b,14,38,26
b,14,34,15
b,4,9,14
b,3,11,8
b,11,19,18
b,1,9,8
b,2,14,18
b,12,67,104
b,7,68,106
b,5,66,104
b,4,67,104
b,4,67,104
b,2,65,102
b,3,169,250
b,7,173,254
b,5,184,241
b,50,146,190
b,3,40,31
b,1,38,29
b,2,31,28
b,14,40,42
b,11,37,39
b,13,43,46
b,6,36,39
b,12,49,52
b,4,41,44
b,1,32,46
b,8,31,50
b,4,29,24
b,2,18,37
b,2,29,38
b,5,24,26
b,2,21,23
b,17,31,33
b,9,29,26
b,33,53,38
b,10,58,91
b,1,49,82
b,5,157,241
b,2,165,250
b,3,181,254
b,1,220,254
b,9,197,253
b,27,155,211
b,22,150,206
b,2,31,28
b,2,30,36
b,2,30,36
b,8,33,38
b,11,33,36
b,12,34,37
b,12,23,32
b,11,22,31
b,6,36,41
b,3,33,38
b,1,35,41
b,2,27,34
b,6,31,38
b,4,36,25
b,1,24,20
b,6,23,37
b,9,28,30
b,10,29,31
b,15,19,14
b,9,13,8
b,6,13,19
b,17,24,30
b,10,29,29
b,6,25,25
b,1,152,241
b,3,201,253
b,18,171,230
b,15,168,227
b,4,29,36
b,1,26,33
b,2,26,38
b,17,38,46
b,14,31,36
b,15,32,37
b,11,26,41
b,10,25,40
b,7,27,38
b,8,28,39
b,6,33,46
b,1,24,31
b,10,35,28
b,2,27,20
b,1,30,8
b,6,35,13
b,4,34,9
b,4,30,17
b,4,21,22
b,3,14,14
b,5,16,16
b,13,16,17
b,15,18,19
b,6,20,26
b,1,15,21
b,1,23,22
b,17,75,103
b,18,76,104
b,12,78,98
b,5,71,91
b,1,65,86
b,3,67,88
b,1,64,90
b,4,67,93
b,3,62,87
b,3,168,254
b,1,201,253
b,3,201,253
b,10,182,243
b,1,173,234
b,59,151,194
b,11,31,42
b,1,21,32
b,6,31,38
b,9,26,38
b,16,33,45
b,7,31,45
b,1,25,39
b,10,21,30
b,10,21,30
b,8,19,28
b,8,19,28
b,5,24,14
b,8,28,9
b,1,21,4
b,3,23,6
b,1,30,12
b,4,24,17
b,4,24,17
b,10,24,26
b,5,19,21
b,5,18,17
b,11,24,23
b,11,30,32
b,5,24,26
b,32,44,46
b,11,56,83
b,1,58,93
b,9,66,101
b,6,75,108
b,5,74,107
b,5,80,106
b,6,81,107
b,2,74,101
b,1,72,104
b,1,72,104
b,4,75,105
b,2,73,103
b,1,148,248
b,9,189,252
b,34,154,208
b,11,33,47
b,8,40,58
b,2,31,41
b,3,22,42
b,7,26,46
b,3,30,43
b,4,31,44
b,17,23,36
b,26,32,45
b,27,37,44
b,17,27,34
b,2,25,32
b,1,15,17
b,4,24,17
b,10,30,25
b,16,36,31
b,10,37,17
b,16,43,23
b,9,24,19
b,3,18,13
b,2,14,18
b,10,22,26
b,4,22,20
b,7,25,23
b,14,27,26
b,22,35,34
b,20,64,82
b,1,59,87
b,11,69,97
b,13,75,110
b,6,74,114
b,7,75,115
b,4,79,116
b,2,77,114
b,2,77,112
b,1,76,109
b,2,74,101
b,9,67,95
b,2,60,88
b,2,140,239
b,3,146,252
b,12,157,225
b,13,158,226
b,6,38,58
b,1,33,53
b,7,41,51
b,8,24,32
b,14,30,38
b,11,27,35
b,5,21,29
b,2,24,38
b,2,24,38
b,4,21,22
b,7,31,17
b,5,20,19
b,1,16,15
b,2,13,22
b,1,12,21
b,8,21,18
b,11,24,21
b,27,26,26
b,37,82,91
b,31,80,93
b,31,80,93
b,36,80,94
b,43,87,101
b,45,88,100
b,38,81,93
b,40,80,93
b,40,80,93
b,38,76,88
b,11,68,93
b,8,65,90
b,3,71,99
b,2,70,108
b,3,77,117
b,2,76,116
b,2,77,112
b,1,77,105
b,2,72,100
b,3,145,253
b,4,146,254
b,1,147,254
b,3,161,238
b,7,38,65
b,3,41,55
b,4,42,56
b,2,31,41
b,6,35,45
b,3,26,31
b,4,27,32
b,2,22,35
b,1,21,32
b,5,26,15
b,5,19,21
b,3,17,19
b,5,17,23
b,5,17,23
b,13,21,20
b,17,25,24
b,32,83,88
b,29,80,85
b,24,84,90
b,24,84,90
b,23,83,89
b,27,87,93
b,33,90,97
b,31,88,95
b,31,83,92
b,30,82,91
b,43,88,99
b,48,93,104
b,35,78,90
b,29,72,84
b,41,85,92
b,45,89,96
b,14,58,90
b,4,72,98
b,4,72,98
b,1,78,117
b,2,80,116
b,3,77,108
b,2,76,107
b,4,139,241
b,1,140,249
b,3,173,253
b,42,137,188
b,5,30,35
b,3,32,33
b,1,34,38
b,1,34,38
b,1,30,42
b,2,26,38
b,2,26,38
b,10,31,37
b,2,13,22
b,10,21,30
b,26,83,88
b,31,88,93
b,35,97,103
b,25,87,93
b,23,87,90
b,23,87,90
b,22,86,89
b,24,88,91
b,24,91,95
b,18,85,89
b,23,87,92
b,20,84,89
b,33,83,93
b,31,81,91
b,30,75,86
b,30,75,86
b,34,83,88
b,24,73,78
b,34,84,80
b,27,77,73
b,14,38,66
b,6,61,96
b,12,67,102
b,2,73,103
b,1,76,113
b,1,78,117
b,1,78,117
b,1,81,119
b,2,71,104
b,4,63,86
b,5,137,228
b,2,136,243
b,2,145,251
b,27,137,199
b,2,26,26
b,1,25,25
b,3,27,27
b,2,31,32
b,2,23,31
b,3,22,22
b,7,18,27
b,16,71,77
b,22,77,83
b,18,84,91
b,13,79,86
b,14,81,85
b,19,86,90
b,24,88,93
b,24,88,93
b,18,85,89
b,18,85,89
b,16,90,92
b,8,82,84
b,12,86,88
b,16,90,92
b,30,90,96
b,26,86,92
b,26,76,84
b,28,78,86
b,23,76,80
b,24,77,81
b,31,85,80
b,25,79,74
b,21,72,65
b,19,70,63
b,23,63,94
b,5,67,102
b,7,69,104
b,4,82,114
b,1,82,117
b,3,84,122
b,2,139,247
b,3,140,248
b,3,142,251
b,5,144,253
b,1,147,254
b,1,150,254
b,19,143,216
b,13,31,27
b,17,32,31
b,5,20,19
b,1,22,30
b,38,77,86
b,20,77,84
b,22,79,86
b,18,87,90
b,12,81,84
b,19,88,89
b,20,89,90
b,25,92,94
b,22,89,91
b,18,85,89
b,14,81,85
b,11,83,85
b,8,80,82
b,7,83,84
b,13,89,90
b,15,82,86
b,14,81,85
b,23,78,86
b,7,62,70
b,4,60,63
b,28,84,87
b,32,90,90
b,19,77,77
b,10,68,68
b,12,70,70
b,22,67,65
b,9,62,80
b,15,68,86
b,5,65,94
b,1,61,90
b,11,74,102
b,13,76,104
b,9,68,93
b,11,63,90
b,8,60,87
b,2,70,106
b,2,77,112
b,4,85,118
b,2,87,119
b,1,86,118
b,2,87,121
b,7,94,127
b,6,90,127
b,6,56,77
b,3,134,242
b,1,138,246
b,2,139,247
b,3,146,254
b,11,145,224
b,7,25,21
b,4,22,18
b,5,23,32
b,3,21,30
b,2,20,27
b,33,76,86
b,30,73,83
b,22,72,82
b,23,73,83
b,14,81,83
b,11,78,80
b,27,92,92
b,37,102,102
b,9,70,79
b,16,77,86
b,17,80,88
b,19,82,90
b,8,79,84
b,7,78,83
b,4,80,81
b,7,83,84
b,10,82,84
b,7,79,81
b,6,68,74
b,1,59,61
b,25,83,85
b,16,76,80
b,11,71,75
b,1,62,73
b,2,63,74
b,16,68,75
b,16,68,75
b,19,73,84
b,11,76,90
b,4,69,83
b,5,76,95
b,6,77,96
b,2,77,103
b,2,77,103
b,9,83,114
b,10,74,97
b,3,67,90
b,18,53,68
b,1,62,84
b,2,63,85
b,2,70,106
b,2,70,106
b,1,76,113
b,4,79,116
b,6,84,120
b,3,81,117
b,1,82,117
b,1,86,118
b,1,86,120
b,4,90,126
b,16,100,137
b,4,88,125
b,4,82,118
b,3,123,179
b,2,129,208
b,2,141,250
b,10,145,230
b,40,65,72
b,26,70,84
b,26,70,84
b,21,69,79
b,30,78,88
b,26,83,88
b,28,85,90
b,31,89,91
b,26,84,86
b,16,75,84
b,15,74,83
b,13,74,85
b,13,74,85
b,15,86,91
b,11,82,87
b,1,75,77
b,4,76,78
b,4,76,78
b,4,71,73
b,7,74,76
b,18,79,80
b,10,71,72
b,8,65,72
b,8,65,72
b,3,62,75
b,2,61,74
b,9,64,72
b,13,68,76
b,35,79,84
b,14,63,78
b,14,84,96
b,11,81,93
b,4,80,95
b,6,82,97
b,10,88,106
b,5,83,101
b,1,83,109
b,1,83,109
b,2,83,116
b,5,86,119
b,3,82,111
b,9,60,76
b,14,54,65
b,21,61,72
b,3,69,89
b,1,72,104
b,1,76,113
b,1,76,113
b,1,79,115
b,1,78,117
b,3,80,119
b,2,87,121
b,4,82,118
b,5,52,67
b,3,123,177
b,2,132,223
b,1,131,237
b,2,132,238
b,2,135,249
b,4,137,251
b,3,141,253
b,4,141,230
b,26,55,65
b,32,61,71
b,20,67,82
b,21,68,83
b,22,71,84
b,25,74,87
b,21,76,84
b,26,81,89
b,33,88,94
b,21,76,82
b,16,78,84
b,14,76,82
b,10,71,82
b,17,78,89
b,14,83,86
b,9,78,81
b,2,72,70
b,6,76,74
b,9,72,73
b,8,71,72
b,4,60,74
b,25,77,84
b,11,63,70
b,23,64,88
b,5,69,90
b,14,78,99
b,6,83,104
b,4,81,102
b,5,88,111
b,2,88,113
b,1,83,118
b,1,83,118
b,5,86,121
b,7,73,95
b,23,65,80
b,20,62,77
b,2,86,123
b,3,84,124
b,3,78,115
b,2,70,96
b,6,60,75
b,3,120,175
b,1,132,230
b,3,134,246
b,4,135,247
b,3,136,252
b,3,136,252
b,1,139,253
b,1,139,253
b,43,45,53
b,19,58,67
b,15,54,63
b,13,67,80
b,16,70,83
b,19,73,86
b,19,73,86
b,17,74,81
b,18,75,82
b,19,76,81
b,24,81,86
b,15,75,81
b,13,73,79
b,9,69,75
b,11,71,77
b,8,75,77
b,6,73,75
b,2,72,68
b,5,75,71
b,1,66,64
b,6,63,70
b,4,61,68
b,9,64,70
b,8,63,69
b,9,50,54
b,8,67,92
b,15,74,99
b,5,80,106
b,4,86,114
b,4,86,114
b,1,84,110
b,1,84,110
b,2,88,113
b,2,88,113
b,2,89,118
b,1,88,121
b,3,87,124
b,2,88,124
b,8,94,130
b,7,86,115
b,6,85,114
b,18,71,91
b,11,64,84
b,1,69,93
b,2,70,94
b,2,76,107
b,1,76,111
b,1,82,122
b,1,85,124
b,6,60,82
b,2,119,174
b,3,135,240
b,3,137,248
b,1,135,246
b,1,138,248
b,2,140,252
b,2,140,252
b,1,139,251
b,3,141,253
b,1,142,253
b,1,142,253
b,1,147,254
b,30,42,46
b,33,45,49
b,8,59,64
b,7,58,63
b,9,68,81
b,6,65,78
b,7,63,75
b,10,66,78
b,20,76,86
b,13,69,79
b,2,62,66
b,13,73,77
b,8,68,74
b,4,64,70
b,15,70,78
b,14,69,77
b,16,78,84
b,10,72,78
b,4,71,73
b,4,72,67
b,7,75,70
b,2,57,63
b,12,48,54
b,11,47,53
b,13,63,84
b,4,72,100
b,5,73,101
b,3,81,113
b,3,85,116
b,3,85,116
b,1,87,112
b,1,87,112
b,1,88,117
b,2,89,122
b,5,92,125
b,3,93,125
b,5,95,127
b,5,90,122
b,4,89,121
b,6,79,97
b,5,78,96
b,7,51,56
b,14,46,68
b,14,67,87
b,11,64,84
b,1,72,91
b,1,77,107
b,5,61,91
b,1,117,168
b,1,131,224
b,1,132,240
b,1,132,240
b,2,136,247
b,1,135,246
b,2,139,249
b,2,140,254
b,2,140,254
b,31,55,57
b,34,58,60
b,7,65,67
b,4,62,64
b,1,62,73
b,4,63,76
b,16,75,86
b,4,63,74
b,1,60,69
b,5,64,73
b,8,67,76
b,9,68,77
b,15,70,78
b,1,56,64
b,3,63,67
b,5,65,69
b,1,65,68
b,1,70,62
b,8,44,50
b,15,51,57
b,4,63,88
b,7,66,91
b,5,73,109
b,7,75,111
b,1,79,113
b,4,82,116
b,1,89,115
b,1,88,119
b,3,88,120
b,2,87,119
b,4,89,123
b,1,86,120
b,4,83,112
b,13,69,83
b,3,36,61
b,1,53,76
b,7,59,82
b,2,71,90
b,2,71,90
b,1,77,107
b,1,76,111
b,1,76,111
b,1,85,124
b,1,83,116
b,2,80,116
b,4,60,90
b,6,116,164
b,1,126,203
b,1,125,209
b,2,131,227
b,4,134,238
b,5,135,241
b,1,131,237
b,53,62,55
b,23,58,61
b,26,61,64
b,9,64,72
b,7,62,70
b,1,61,77
b,3,63,79
b,3,62,75
b,1,60,73
b,2,61,72
b,2,61,72
b,2,62,68
b,4,64,70
b,2,65,66
b,3,66,67
b,1,66,66
b,2,67,67
b,12,48,54
b,13,49,55
b,22,47,52
b,11,57,77
b,2,67,92
b,4,74,109
b,2,83,116
b,1,86,120
b,2,87,121
b,2,89,118
b,1,88,117
b,1,86,116
b,1,82,113
b,3,88,120
b,3,88,120
b,12,41,51
b,4,37,64
b,5,59,83
b,2,67,92
b,4,75,107
b,2,73,105
b,1,79,115
b,10,96,123
b,16,91,124
b,2,60,92
b,10,113,157
b,3,131,225
b,2,130,224
b,1,129,245
b,1,137,252
b,2,138,253
b,42,57,56
b,26,41,40
b,7,51,58
b,5,59,70
b,4,58,69
b,2,63,76
b,2,63,76
b,3,64,77
b,1,60,71
b,1,60,71
b,3,63,69
b,10,70,76
b,6,66,70
b,3,63,67
b,1,62,61
b,6,67,66
b,9,53,56
b,6,50,53
b,10,38,44
b,12,40,46
b,4,59,78
b,8,63,82
b,4,86,119
b,2,87,117
b,4,81,106
b,3,35,65
b,15,47,77
b,5,57,84
b,3,68,95
b,4,86,112
b,8,90,116
b,14,87,121
b,1,59,91
b,9,51,81
b,12,107,145
b,4,129,224
b,2,127,222
b,2,128,235
b,1,129,235
b,1,134,250
b,1,134,250
b,32,51,51
b,25,44,44
b,8,53,62
b,2,47,56
b,3,59,69
b,2,63,74
b,2,63,74
b,1,60,71
b,11,70,81
b,3,59,69
b,4,64,68
b,10,70,74
b,1,61,65
b,4,63,58
b,1,42,46
b,20,47,58
b,1,65,86
b,4,68,89
b,4,86,119
b,13,95,128
b,11,98,131
b,5,92,125
b,3,62,98
b,3,81,115
b,6,84,118
b,2,87,119
b,6,88,114
b,11,67,95
b,13,46,71
b,3,52,80
b,4,53,81
b,4,69,98
b,2,75,109
b,1,76,111
b,1,79,111
b,1,82,117
b,2,83,118
b,11,90,119
b,5,75,112
b,4,50,82
b,14,103,138
b,1,123,219
b,1,121,226
b,2,122,227
b,1,129,235
b,1,129,235
b,1,120,199
b,26,48,49
b,30,52,53
b,3,52,57
b,4,53,58
b,4,60,70
b,12,66,79
b,18,72,85
b,4,56,65
b,2,57,63
b,22,46,58
b,21,66,95
b,3,73,99
b,6,76,102
b,1,79,111
b,8,86,118
b,3,85,120
b,3,90,123
b,1,86,116
b,10,57,97
b,4,77,115
b,1,86,120
b,6,69,97
b,3,35,53
b,2,54,79
b,2,67,94
b,5,70,97
b,2,75,109
b,1,75,115
b,1,78,117
b,3,49,81
b,1,126,236
b,1,128,241
b,34,39,44
b,16,41,46
b,27,52,57
b,7,53,57
b,9,55,59
b,1,56,64
b,1,57,67
b,13,69,79
b,8,64,74
b,3,54,66
b,1,52,64
b,4,57,57
b,8,64,65
b,13,53,55
b,20,44,56
b,26,45,45
b,19,69,106
b,2,76,107
b,3,77,108
b,1,89,129
b,1,89,129
b,1,92,131
b,1,88,117
b,5,92,121
b,9,42,87
b,1,84,126
b,15,49,59
b,4,56,79
b,8,60,83
b,4,67,95
b,6,51,80
b,1,115,164
b,1,119,214
b,1,121,218
b,1,121,218
b,1,120,222
b,2,121,223
b,1,121,228
b,42,49,53
b,27,57,60
b,15,45,48
b,7,48,54
b,10,51,57
b,1,55,66
b,9,60,72
b,3,54,66
b,3,52,53
b,5,54,55
b,10,62,60
b,4,56,54
b,7,61,58
b,1,54,58
b,6,46,48
b,13,35,45
b,18,40,50
b,22,40,38
b,8,68,97
b,13,73,102
b,1,82,122
b,4,96,132
b,1,93,129
b,1,96,134
b,1,88,119
b,3,90,121
b,3,73,99
b,8,68,113
b,4,84,127
b,3,52,76
b,13,49,57
b,2,52,71
b,10,60,79
b,2,70,98
b,8,48,79
b,2,109,156
b,3,110,157
b,3,118,205
b,1,117,211
b,1,117,211
b,2,119,219
b,3,120,220
b,1,120,220
b,3,120,177
b,39,49,52
b,20,53,57
b,11,44,48
b,4,56,65
b,2,62,66
b,1,61,65
b,4,64,70
b,6,58,67
b,4,56,65
b,8,59,64
b,3,54,59
b,4,51,50
b,1,48,47
b,23,70,67
b,16,63,60
b,11,61,59
b,2,53,56
b,4,45,49
b,3,44,48
b,12,39,48
b,10,37,46
b,26,38,42
b,12,77,104
b,10,75,102
b,1,85,122
b,1,85,122
b,1,97,130
b,9,87,119
b,1,68,111
b,3,83,126
b,4,77,113
b,1,55,81
b,13,46,50
b,6,57,71
b,2,64,79
b,2,102,142
b,7,107,147
b,1,113,197
b,3,118,205
b,2,119,210
b,2,114,166
b,30,41,41
b,36,47,47
b,14,48,47
b,15,49,48
b,2,47,47
b,3,48,48
b,4,50,54
b,4,50,54
b,1,54,58
b,1,59,61
b,3,61,63
b,11,69,71
b,2,58,61
b,5,61,64
b,4,55,56
b,2,53,54
b,4,54,52
b,13,63,61
b,28,73,71
b,14,59,57
b,2,47,45
b,3,48,46
b,4,51,50
b,1,48,47
b,3,52,55
b,6,50,55
b,17,45,51
b,5,33,39
b,24,34,41
b,24,34,41
b,7,75,101
b,7,75,101
b,2,80,112
b,3,81,113
b,1,87,123
b,2,95,129
b,1,88,121
b,5,92,125
b,13,83,118
b,1,75,117
b,3,78,111
b,1,60,83
b,3,34,32
b,2,51,66
b,4,53,68
b,1,71,97
b,1,76,113
b,16,98,126
b,28,41,36
b,28,41,36
b,17,53,51
b,12,48,46
b,6,51,51
b,6,51,51
b,1,47,49
b,5,51,53
b,1,52,53
b,1,54,54
b,1,57,56
b,1,55,52
b,1,55,52
b,3,53,51
b,26,68,69
b,9,49,51
b,3,43,45
b,4,44,46
b,3,43,45
b,5,49,54
b,9,50,58
b,13,42,50
b,5,34,42
b,10,27,28
b,15,32,33
b,20,63,86
b,4,72,98
b,2,70,96
b,1,82,120
b,3,84,122
b,2,86,123
b,2,82,120
b,2,36,33
b,6,53,70
b,11,58,75
b,3,71,97
b,1,50,78
b,2,39,56
b,26,90,111
b,1,118,193
b,1,122,187
b,24,40,31
b,26,42,33
b,12,50,46
b,7,45,41
b,3,48,48
b,4,50,54
b,3,56,56
b,2,53,54
b,8,48,50
b,3,39,45
b,2,36,42
b,4,45,49
b,4,39,54
b,17,51,57
b,3,37,43
b,23,38,37
b,26,41,40
b,20,62,88
b,4,72,98
b,3,71,97
b,2,79,118
b,1,87,123
b,1,90,125
b,4,97,131
b,2,98,131
b,3,96,132
b,9,40,40
b,3,50,67
b,6,53,70
b,1,58,79
b,1,69,97
b,1,69,105
b,6,100,131
b,1,112,182
b,1,113,186
b,27,43,32
b,19,35,24
b,6,42,36
b,8,44,38
b,4,53,54
b,1,52,55
b,1,37,47
b,4,40,50
b,2,34,45
b,3,35,46
b,11,40,50
b,5,34,44
b,6,38,45
b,3,35,42
b,3,38,39
b,8,43,44
b,3,38,39
b,3,38,39
b,6,31,38
b,4,29,36
b,16,47,61
b,3,34,48
b,1,26,58
b,11,40,52
b,4,33,45
b,29,42,41
b,38,51,50
b,12,57,86
b,5,72,103
b,7,74,105
b,1,76,109
b,2,86,123
b,1,90,125
b,2,95,129
b,4,97,131
b,4,33,32
b,9,51,70
b,7,49,68
b,3,57,81
b,3,70,103
b,4,87,115
b,8,91,119
b,2,92,147
b,3,94,142
b,2,105,165
b,1,104,164
b,29,46,32
b,19,36,22
b,5,42,33
b,5,42,33
b,3,46,56
b,1,45,52
b,1,47,51
b,1,42,50
b,7,48,56
b,4,40,50
b,1,37,47
b,1,34,47
b,8,41,54
b,15,39,51
b,12,36,48
b,7,35,41
b,7,35,41
b,10,38,42
b,11,39,43
b,6,36,39
b,3,33,36
b,5,30,37
b,2,27,34
b,24,51,64
b,9,36,49
b,6,28,50
b,6,28,50
b,4,24,37
b,8,28,41
b,20,26,24
b,15,21,19
b,15,61,95
b,5,74,107
b,2,71,104
b,1,83,118
b,1,88,121
b,3,90,123
b,1,90,125
b,2,95,131
b,4,97,133
b,4,100,135
b,9,105,140
b,13,106,142
b,3,63,92
b,6,24,33
b,3,39,65
b,1,50,76
b,2,51,77
b,3,57,83
b,3,57,83
b,1,65,88
b,1,65,88
b,1,56,73
b,10,80,104
b,1,81,126
b,6,86,131
b,6,94,138
b,5,93,137
b,1,96,145
b,2,97,146
b,2,105,163
b,27,44,30
b,20,37,23
b,5,42,29
b,3,40,27
b,3,43,45
b,3,42,51
b,2,41,50
b,4,45,53
b,4,38,56
b,4,40,50
b,5,41,51
b,7,28,47
b,13,34,53
b,14,35,41
b,15,36,42
b,7,19,23
b,8,20,24
b,6,31,38
b,6,31,38
b,5,29,41
b,2,26,38
b,20,32,48
b,10,22,38
b,3,16,27
b,10,23,34
b,24,24,18
b,41,41,35
b,19,65,101
b,3,78,113
b,1,86,118
b,1,93,129
b,6,99,135
b,7,100,136
b,2,91,128
b,4,62,90
b,3,38,67
b,4,32,63
b,4,49,74
b,2,47,72
b,6,63,86
b,3,60,83
b,1,59,87
b,6,56,75
b,28,75,90
b,2,86,123
b,1,85,122
b,4,83,130
b,2,100,150
b,3,103,157
b,33,46,33
b,25,38,25
b,10,41,27
b,11,42,28
b,6,43,30
b,5,42,29
b,7,43,37
b,7,43,37
b,3,42,47
b,6,40,48
b,3,37,45
b,7,33,49
b,5,28,47
b,9,32,51
b,15,26,35
b,16,27,36
b,20,19,30
b,17,16,27
b,5,25,38
b,5,25,38
b,3,30,43
b,2,29,42
b,12,20,37
b,10,18,35
b,2,14,28
b,7,19,21
b,15,27,29
b,35,31,22
b,47,43,34
b,18,64,100
b,1,67,105
b,2,68,106
b,2,77,112
b,3,81,115
b,2,87,128
b,2,90,130
b,6,65,90
b,6,27,44
b,7,28,45
b,1,39,64
b,7,45,70
b,3,49,69
b,3,49,69
b,3,48,73
b,4,49,74
b,2,60,88
b,1,59,87
b,2,58,86
b,6,53,70
b,4,40,64
b,17,81,113
b,14,78,110
b,1,89,133
b,2,95,145
b,1,89,129
b,34,41,33
b,26,33,25
b,16,37,26
b,19,40,29
b,11,39,26
b,13,41,28
b,16,48,37
b,7,43,41
b,3,39,37
b,7,39,48
b,6,38,47
b,7,39,48
b,1,33,42
b,8,40,49
b,8,36,53
b,3,31,46
b,6,34,49
b,22,32,39
b,11,21,28
b,23,25,31
b,13,15,21
b,5,25,36
b,7,27,38
b,2,29,40
b,2,29,40
b,12,29,43
b,13,30,44
b,13,26,35
b,1,14,23
b,10,26,17
b,13,29,20
b,33,30,14
b,47,44,28
b,7,55,86
b,5,68,105
b,6,76,113
b,1,76,111
b,1,76,111
b,1,83,116
b,1,88,119
b,1,86,118
b,1,85,124
b,2,86,125
b,1,85,124
b,9,66,91
b,2,28,55
b,15,28,27
b,7,37,58
b,5,47,66
b,6,46,75
b,1,41,70
b,6,58,85
b,23,71,102
b,6,86,126
b,37,37,37
b,20,20,20
b,3,21,17
b,8,26,22
b,9,29,24
b,18,38,33
b,15,47,40
b,3,40,43
b,1,37,47
b,1,35,43
b,6,35,45
b,3,32,42
b,2,34,41
b,3,35,42
b,7,32,57
b,3,39,49
b,5,44,51
b,1,35,43
b,19,38,42
b,12,31,35
b,14,32,30
b,3,21,19
b,4,32,38
b,5,33,39
b,4,19,36
b,12,29,32
b,6,23,26
b,11,26,10
b,11,26,10
b,17,20,4
b,34,37,21
b,10,57,84
b,1,69,109
b,3,81,117
b,1,79,115
b,1,81,119
b,1,78,117
b,11,62,92
b,1,29,60
b,11,19,16
b,11,36,59
b,3,37,59
b,8,49,82
b,2,51,77
b,5,73,109
b,9,77,113
b,7,87,132
b,6,86,131
b,4,89,134
b,4,85,123
b,32,32,36
b,24,24,28
b,15,37,36
b,11,33,32
b,3,32,31
b,6,35,34
b,9,38,39
b,3,32,33
b,3,39,45
b,9,37,52
b,6,35,47
b,6,39,43
b,2,35,39
b,4,31,55
b,3,35,44
b,8,40,49
b,1,40,45
b,2,30,36
b,5,33,39
b,10,34,34
b,6,30,30
b,2,31,41
b,3,32,42
b,1,31,36
b,11,30,30
b,10,29,29
b,14,30,9
b,8,24,3
b,8,13,3
b,31,36,26
b,5,48,69
b,2,71,113
b,6,49,88
b,1,25,39
b,4,34,57
b,3,33,56
b,1,33,67
b,4,47,70
b,2,49,74
b,1,38,66
b,15,64,92
b,4,78,118
b,2,76,116
b,1,81,126
b,5,85,130
b,1,86,131
b,2,87,132
b,32,32,36
b,14,38,36
b,11,35,33
b,3,36,38
b,5,32,41
b,3,32,44
b,6,35,47
b,4,28,42
b,2,26,40
b,1,23,33
b,6,28,38
b,4,37,39
b,4,37,39
b,6,39,41
b,1,34,36
b,11,43,52
b,8,40,49
b,4,34,53
b,3,32,44
b,6,41,44
b,2,37,40
b,4,27,34
b,3,26,33
b,3,20,36
b,4,21,37
b,4,29,34
b,5,30,35
b,2,23,29
b,2,21,25
b,3,22,26
b,18,25,17
b,12,19,11
b,24,28,21
b,9,54,65
b,5,61,93
b,3,66,105
b,1,76,111
b,6,50,82
b,1,26,33
b,3,35,55
b,1,35,57
b,5,42,63
b,1,33,53
b,5,68,107
b,2,85,129
b,3,86,130
b,3,88,131
b,2,87,130
b,2,90,132
b,6,97,140
b,31,34,37
b,11,35,37
b,9,33,35
b,1,26,31
b,1,26,31
b,6,28,50
b,1,26,31
b,1,27,27
b,5,34,35
b,2,34,41
b,4,36,43
b,9,41,61
b,1,33,53
b,6,37,51
b,13,44,58
b,2,29,38
b,2,28,46
b,5,29,39
b,1,25,35
b,9,12,29
b,8,11,28
b,8,21,30
b,13,26,35
b,6,19,30
b,3,16,27
b,12,17,22
b,23,28,33
b,33,33,29
b,2,54,77
b,7,64,101
b,2,65,106
b,2,67,112
b,2,69,114
b,1,68,113
b,1,76,111
b,1,77,107
b,3,23,34
b,4,31,53
b,5,32,54
b,5,39,61
b,11,45,67
b,4,42,65
b,4,42,65
b,11,76,119
b,9,74,117
b,4,84,124
b,5,85,125
b,5,88,130
b,5,88,130
b,4,89,130
b,7,92,133
b,1,92,133
b,3,94,135
b,2,88,126
b,27,33,33
b,12,31,35
b,4,23,27
b,2,27,32
b,13,31,27
b,3,21,17
b,5,22,36
b,1,26,31
b,2,30,36
b,2,34,45
b,3,28,49
b,2,29,49
b,2,24,48
b,5,27,51
b,6,28,40
b,4,26,38
b,14,25,36
b,8,19,30
b,3,16,25
b,12,25,34
b,9,22,31
b,7,20,29
b,11,20,30
b,5,14,24
b,14,11,25
b,11,8,22
b,33,24,31
b,1,59,98
b,2,28,46
b,9,41,63
b,9,47,70
b,4,42,65
b,1,42,66
b,4,50,72
b,3,49,71
b,6,52,74
b,1,43,69
b,1,31,61
b,14,77,118
b,13,76,117
b,2,80,116
b,7,87,130
b,1,86,127
b,3,88,129
b,8,93,134
b,12,76,95
b,12,26,32
b,15,29,35
b,11,30,32
b,23,42,44
b,13,20,12
b,9,16,8
b,5,23,30
b,9,27,34
b,2,29,38
b,2,31,39
b,3,23,45
b,5,28,47
b,1,21,36
b,1,14,39
b,3,23,38
b,11,31,46
b,12,29,41
b,5,22,34
b,5,23,32
b,2,20,29
b,2,23,29
b,3,24,30
b,4,20,28
b,16,21,30
b,14,19,28
b,20,13,24
b,24,17,28
b,1,57,89
b,1,67,105
b,3,72,105
b,5,74,107
b,2,73,105
b,1,57,85
b,1,44,67
b,3,36,63
b,5,38,65
b,5,45,74
b,5,50,77
b,9,54,81
b,3,48,75
b,2,24,50
b,11,68,103
b,8,78,117
b,13,83,122
b,9,81,122
b,10,82,123
b,10,83,121
b,5,78,116
b,5,73,99
b,7,75,101
b,19,26,34
b,25,32,40
b,9,21,23
b,18,30,32
b,25,36,32
b,8,19,15
b,2,22,33
b,5,25,36
b,2,29,40
b,2,31,43
b,3,24,41
b,4,24,39
b,1,24,41
b,4,27,44
b,16,38,52
b,4,26,40
b,8,23,40
b,5,20,37
b,5,22,34
b,12,29,41
b,1,16,29
b,5,20,33
b,3,21,28
b,2,20,27
b,1,22,28
b,3,19,29
b,3,19,29
b,27,32,41
b,21,26,35
b,28,22,24
b,43,37,39
b,3,49,71
b,3,60,95
b,2,66,100
b,1,26,58
b,10,35,67
b,6,41,74
b,9,44,77
b,3,43,72
b,3,43,72
b,5,45,74
b,1,26,58
b,29,24,32
b,25,20,28
b,14,20,22
b,19,25,27
b,26,33,39
b,11,18,24
b,9,25,44
b,3,18,33
b,4,19,34
b,8,19,30
b,11,22,33
b,2,25,30
b,2,25,30
b,4,28,40
b,3,23,38
b,7,23,33
b,5,18,27
b,2,15,24
b,4,23,25
b,5,24,26
b,10,20,27
b,9,19,26
b,22,21,32
b,26,25,36
b,37,37,31
b,39,39,33
b,9,52,75
b,2,58,88
b,1,64,94
b,1,64,94
b,1,68,99
b,1,69,107
b,1,21,43
b,2,27,63
b,9,34,70
b,8,41,68
b,1,34,61
b,2,30,61
b,2,23,52
b,2,22,46
b,34,21,27
b,29,20,23
b,29,20,23
b,16,15,22
b,9,8,15
b,5,20,33
b,10,25,38
b,2,22,44
b,1,21,43
b,2,20,43
b,1,19,42
b,2,19,35
b,14,37,42
b,15,38,43
b,15,29,31
b,24,38,40
b,6,12,12
b,9,15,15
b,6,24,20
b,4,22,18
b,2,26,26
b,1,25,25
b,3,24,32
b,2,23,31
b,5,14,24
b,4,13,23
b,13,23,28
b,10,20,25
b,5,17,19
b,7,19,21
b,8,16,15
b,7,15,14
b,11,19,18
b,14,22,21
b,23,18,28
b,28,23,33
b,35,35,29
b,5,57,80
b,2,60,90
b,2,67,96
b,2,67,96
b,4,51,76
b,3,22,53
b,7,26,57
b,39,17,21
b,33,11,15
b,20,4,9
b,24,8,13
b,12,19,23
b,11,18,22
b,10,22,36
b,7,19,33
b,7,20,29
b,7,20,29
b,12,29,34
b,10,34,32
b,10,34,32
b,30,45,44
b,7,16,9
b,6,15,8
b,7,21,12
b,9,23,14
b,4,27,19
b,3,26,18
b,5,24,26
b,2,21,23
b,11,13,21
b,13,15,23
b,17,25,26
b,11,19,20
b,6,14,15
b,6,14,15
b,7,10,13
b,16,19,22
b,3,17,19
b,7,21,23
b,32,30,37
b,37,35,42
b,7,59,82
b,4,56,79
b,3,56,85
b,1,57,85
b,1,57,85
b,6,48,67
b,52,31,28
b,40,19,16
b,37,28,19
b,29,20,11
b,15,22,14
b,15,22,14
b,11,23,15
b,11,23,15
b,11,23,13
b,9,21,11
b,7,15,12
b,8,16,13
b,13,38,29
b,11,36,27
b,10,30,27
b,14,22,21
b,8,16,15
b,4,13,6
b,5,14,7
b,12,28,17
b,5,21,10
b,4,16,20
b,11,17,19
b,8,14,16
b,7,13,15
b,13,19,21
b,8,19,17
b,10,21,19
b,4,14,19
b,6,16,21
b,4,28,28
b,1,25,25
b,12,12,14
b,27,27,29
b,7,58,74
b,1,57,85
b,1,59,87
b,4,52,74
b,35,24,17
b,36,35,20
b,25,24,9
b,11,21,5
b,18,28,12
b,10,23,6
b,8,21,4
b,11,26,8
b,15,30,12
b,6,19,6
b,5,18,5
b,5,33,18
b,2,30,15
b,2,16,20
b,13,18,25
b,11,16,23
b,10,10,10
b,15,15,15
b,11,18,10
b,3,10,16
b,7,14,20
b,5,15,20
b,2,12,17
b,3,11,12
b,14,22,23
b,7,20,15
b,10,23,18
b,5,19,25
b,7,21,27
b,3,17,19
b,17,31,33
b,24,26,17
b,3,61,77
b,3,61,77
b,6,63,86
b,1,58,83
b,1,55,79
b,1,40,60
b,28,30,12
b,21,23,5
b,16,25,7
b,16,25,7
b,11,25,5
b,9,26,8
b,8,25,7
b,1,26,7
b,11,36,17
b,6,34,21
b,16,15,24
b,15,14,23
b,11,10,14
b,16,15,19
b,9,9,11
b,11,11,13
b,5,12,18
b,5,12,18
b,2,12,19
b,3,13,16
b,11,21,24
b,5,16,12
b,4,15,11
b,3,15,17
b,7,19,21
b,3,11,10
b,25,33,32
b,13,64,80
b,9,61,86
b,1,53,80
b,1,55,77
b,27,26,11
b,16,22,5
b,15,21,4
b,14,24,8
b,8,18,2
b,3,23,4
b,3,23,4
b,1,26,7
b,10,22,28
b,15,27,33
b,15,22,26
b,10,17,21
b,11,16,25
b,6,11,20
b,3,13,16
b,8,18,21
b,2,12,19
b,3,13,20
b,7,12,17
b,9,14,19
b,4,17,16
b,9,22,21
b,7,20,17
b,7,20,17
b,6,14,15
b,17,25,26
b,38,38,34
b,2,51,75
b,1,53,78
b,4,59,78
b,3,58,77
b,3,57,79
b,4,38,58
b,16,17,4
b,9,17,2
b,11,19,4
b,6,18,8
b,5,17,7
b,1,20,8
b,3,22,10
b,4,22,20
b,11,22,22
b,9,20,20
b,12,25,22
b,9,22,19
b,7,21,27
b,3,17,23
b,3,22,22
b,5,12,18
b,6,13,19
b,12,11,18
b,15,14,21
b,5,20,19
b,3,18,17
b,5,16,16
b,4,15,15
b,18,14,15
b,15,11,12
b,2,48,68
b,2,50,72
b,3,51,73
b,18,11,3
b,17,18,5
b,13,18,8
b,13,18,8
b,4,18,7
b,14,28,17
b,21,36,33
b,12,27,24
b,6,17,13
b,8,19,15
b,12,25,22
b,11,24,21
b,5,19,23
b,2,16,20
b,8,22,24
b,6,20,22
b,5,12,16
b,3,10,14
b,12,11,13
b,13,12,14
b,4,15,15
b,4,15,15
b,12,12,16
b,10,10,14
b,30,25,23
b,2,45,68
b,2,43,67
b,1,39,64
b,3,31,62
b,16,9,1
b,11,12,3
b,12,13,4
b,4,11,3
b,22,29,21
b,6,17,17
b,2,13,13
b,9,20,20
b,3,14,14
b,4,15,15
b,6,12,23
b,5,11,22
b,14,20,22
b,9,15,17
b,6,12,12
b,4,10,10
b,15,15,15
b,8,8,8
b,4,7,10
b,8,11,14
b,19,15,20
b,9,5,10
b,1,33,63
b,1,38,59
b,1,30,58
b,8,38,57
b,14,14,8
b,20,21,15
b,8,16,15
b,6,11,16
b,12,17,22
b,12,12,16
b,6,6,10
b,13,12,12
b,16,15,15
b,14,14,8
b,3,3,5
b,2,2,4
b,8,8,12
b,17,17,21
b,2,27,50
b,7,37,58
b,6,36,57
b,5,38,53
b,1,34,49
b,2,25,42
b,5,5,1
b,5,5,1
b,3,12,5
b,3,14,14
b,10,10,12
b,12,12,14
b,19,15,16
b,6,2,3
b,11,12,6
b,18,19,13
b,12,8,1
b,9,8,8
b,5,4,4
b,8,17,10
b,2,8,10
b,1,7,9
b,6,6,2
b,14,19,9
b,6,11,1
